umi	raw_observations	raw_observations_with_errors	unique_observations	fraction_raw_observations	fraction_unique_observations	fraction_unique_observations_expected
AAAC-AATG	5	0	2	0.0008394895903290799	0.001	0.0000135
AAGC-TCTG	5	0	2	0.0008394895903290799	0.001	0.000022499999999999998
AATC-CGCA	11	0	2	0.0018468770987239758	0.001	0.000014624999999999998
ACGC-ATTG	8	0	2	0.001343183344526528	0.001	0.000024
ACGC-GACA	16	0	2	0.002686366689053056	0.001	0.00003
AGGT-AGGT	7	0	2	0.0011752854264607119	0.001	0.000007562499999999999
AGTA-TCGT	4	0	2	0.000671591672263264	0.001	0.000015
ATAC-TACC	4	0	2	0.000671591672263264	0.001	0.0000154375
ATAT-GGAA	6	0	2	0.0010073875083948958	0.001	0.00002625
ATCC-CGCT	3	0	2	0.0005036937541974479	0.001	0.00001625
ATCT-TCCA	3	0	2	0.0005036937541974479	0.001	0.000022499999999999998
CACC-TAGA	6	0	2	0.0010073875083948958	0.001	0.00002125
CACC-TTTG	6	0	2	0.0010073875083948958	0.001	0.0000159375
CCTG-GCGG	6	0	2	0.0010073875083948958	0.001	0.00001575
CGAA-CATT	2	0	2	0.000335795836131632	0.001	0.0000138125
CGAG-ACGT	6	0	2	0.0010073875083948958	0.001	0.000010500000000000001
CGCC-GATA	2	0	2	0.000335795836131632	0.001	0.0000249375
GAGG-CGCC	6	0	2	0.0010073875083948958	0.001	0.000032812500000000005
GCAG-GACT	3	0	2	0.0005036937541974479	0.001	0.000018375000000000003
GCAG-GTCC	4	0	2	0.000671591672263264	0.001	0.000018375000000000003
GCAT-AAGA	9	0	2	0.0015110812625923438	0.001	0.000018375000000000003
GCGA-AGTG	5	0	2	0.0008394895903290799	0.001	0.000018
GCTA-GGGA	11	0	2	0.0018468770987239758	0.001	0.000023624999999999998
GCTC-TCTG	5	0	2	0.0008394895903290799	0.001	0.000015
GGAA-TTGA	14	0	2	0.0023505708529214238	0.001	0.00001875
GGCG-CTGC	6	0	2	0.0010073875083948958	0.001	0.000013749999999999999
TCAG-ATAC	8	0	2	0.001343183344526528	0.001	0.0000178125
TCCT-CATT	15	0	2	0.0025184687709872396	0.001	0.000018062500000000002
TGAC-AGCG	8	0	2	0.001343183344526528	0.001	0.000019125
AAAA-AACT	3	0	1	0.0005036937541974479	0.0005	0.000013125
AAAA-ACAT	5	0	1	0.0008394895903290799	0.0005	0.000018375000000000003
AAAA-AGAC	2	0	1	0.000335795836131632	0.0005	0.000018375000000000003
AAAA-CATA	5	0	1	0.0008394895903290799	0.0005	0.000023624999999999998
AAAA-CCCG	4	0	1	0.000671591672263264	0.0005	0.000013125
AAAA-CGAT	2	0	1	0.000335795836131632	0.0005	0.000021000000000000002
AAAA-CTAC	4	0	1	0.000671591672263264	0.0005	0.000027562500000000002
AAAA-CTTA	1	0	1	0.000167897918065816	0.0005	0.000018375000000000003
AAAA-GCAC	7	0	1	0.0011752854264607119	0.0005	0.000023624999999999998
AAAA-GGGC	1	0	1	0.000167897918065816	0.0005	0.000022312500000000004
AAAA-TAAC	1	0	1	0.000167897918065816	0.0005	0.000023624999999999998
AAAA-TTCG	2	0	1	0.000335795836131632	0.0005	0.00001575
AAAA-TTTA	3	0	1	0.0005036937541974479	0.0005	0.000022312500000000004
AAAC-ATAA	1	0	1	0.000167897918065816	0.0005	0.000014624999999999998
AAAC-CCTG	2	0	1	0.000335795836131632	0.0005	0.0000135
AAAC-GATT	3	0	1	0.0005036937541974479	0.0005	0.000020249999999999998
AAAC-GCAC	1	0	1	0.000167897918065816	0.0005	0.000020249999999999998
AAAC-GGAA	4	0	1	0.000671591672263264	0.0005	0.000022499999999999998
AAAC-TAAG	2	0	1	0.000335795836131632	0.0005	0.000014624999999999998
AAAC-TACA	1	0	1	0.000167897918065816	0.0005	0.0000135
AAAG-ACAT	2	0	1	0.000335795836131632	0.0005	0.000020125
AAAG-ACGC	3	0	1	0.0005036937541974479	0.0005	0.0000345
AAAG-ATTT	4	0	1	0.000671591672263264	0.0005	0.000031624999999999996
AAAG-CGAC	4	0	1	0.000671591672263264	0.0005	0.000023
AAAG-CGTG	2	0	1	0.000335795836131632	0.0005	0.00001725
AAAG-GCAG	3	0	1	0.0005036937541974479	0.0005	0.000030187500000000002
AAAG-GGAC	10	0	1	0.0016789791806581598	0.0005	0.000015812499999999998
AAAG-GTGG	4	0	1	0.000671591672263264	0.0005	0.000031624999999999996
AAAG-TCCG	3	0	1	0.0005036937541974479	0.0005	0.0000244375
AAAG-TCGT	3	0	1	0.0005036937541974479	0.0005	0.000023
AAAG-TTAA	2	0	1	0.000335795836131632	0.0005	0.000020125
AAAG-TTAC	1	0	1	0.000167897918065816	0.0005	0.00001725
AAAT-ACGC	4	0	1	0.000671591672263264	0.0005	0.000015
AAAT-CCGG	4	0	1	0.000671591672263264	0.0005	0.0000075
AAAT-GAAG	2	0	1	0.000335795836131632	0.0005	0.0000075
AAAT-GACC	2	0	1	0.000335795836131632	0.0005	0.000008125
AAAT-GATA	2	0	1	0.000335795836131632	0.0005	0.000011875
AAAT-GGCC	5	0	1	0.0008394895903290799	0.0005	0.0000075
AACA-AAGC	10	0	1	0.0016789791806581598	0.0005	0.000022499999999999998
AACA-CCAT	2	0	1	0.000335795836131632	0.0005	0.00001875
AACA-GATG	2	0	1	0.000335795836131632	0.0005	0.0000234375
AACA-GTCG	1	0	1	0.000167897918065816	0.0005	0.0000140625
AACA-TCGC	2	0	1	0.000335795836131632	0.0005	0.000013125
AACA-TTGT	3	0	1	0.0005036937541974479	0.0005	0.0000178125
AACC-CAGC	3	0	1	0.0005036937541974479	0.0005	0.000016874999999999997
AACC-CCGA	4	0	1	0.000671591672263264	0.0005	0.000015
AACC-GAGG	1	0	1	0.000167897918065816	0.0005	0.0000234375
AACC-GCGC	2	0	1	0.000335795836131632	0.0005	0.000016874999999999997
AACC-TGCG	7	0	1	0.0011752854264607119	0.0005	0.00001875
AACC-TTCA	3	0	1	0.0005036937541974479	0.0005	0.000016874999999999997
AACC-TTGA	4	0	1	0.000671591672263264	0.0005	0.0000140625
AACG-CGGC	8	0	1	0.001343183344526528	0.0005	0.000008437499999999998
AACG-GCAC	4	0	1	0.000671591672263264	0.0005	0.000010124999999999999
AACG-GCCT	5	0	1	0.0008394895903290799	0.0005	0.000008437499999999998
AACG-GTTC	4	0	1	0.000671591672263264	0.0005	0.000011249999999999999
AACG-TCGC	3	0	1	0.0005036937541974479	0.0005	0.000007875
AACG-TTGT	10	0	1	0.0016789791806581598	0.0005	0.000010687499999999999
AACT-GCGC	7	0	1	0.0011752854264607119	0.0005	0.000011249999999999999
AACT-GTAC	1	0	1	0.000167897918065816	0.0005	0.00001
AACT-TGGT	2	0	1	0.000335795836131632	0.0005	0.000010625
AAGA-AGTA	3	0	1	0.0005036937541974479	0.0005	0.000013125
AAGA-CGCC	1	0	1	0.000167897918065816	0.0005	0.000018375000000000003
AAGA-GGAG	2	0	1	0.000335795836131632	0.0005	0.00001575
AAGA-TGTA	1	0	1	0.000167897918065816	0.0005	0.00001575
AAGA-TTCC	3	0	1	0.0005036937541974479	0.0005	0.000016625
AAGC-AAGA	7	0	1	0.0011752854264607119	0.0005	0.000021000000000000002
AAGC-ATCA	2	0	1	0.000335795836131632	0.0005	0.000021000000000000002
AAGC-CTCG	2	0	1	0.000335795836131632	0.0005	0.000021000000000000002
AAGC-GCGA	3	0	1	0.0005036937541974479	0.0005	0.000027
AAGC-GGAT	3	0	1	0.0005036937541974479	0.0005	0.000018
AAGC-GTGC	1	0	1	0.000167897918065816	0.0005	0.0000315
AAGC-TATG	3	0	1	0.0005036937541974479	0.0005	0.000025500000000000003
AAGC-TCAG	1	0	1	0.000167897918065816	0.0005	0.000022499999999999998
AAGC-TCCC	2	0	1	0.000335795836131632	0.0005	0.000027
AAGC-TTTA	2	0	1	0.000335795836131632	0.0005	0.000025500000000000003
AAGC-TTTG	5	0	1	0.0008394895903290799	0.0005	0.000022499999999999998
AAGG-ATCT	2	0	1	0.000335795836131632	0.0005	0.00001875
AAGG-CAAC	2	0	1	0.000335795836131632	0.0005	0.0000159375
AAGG-CCAG	4	0	1	0.000671591672263264	0.0005	0.0000140625
AAGG-CCCT	2	0	1	0.000335795836131632	0.0005	0.000015
AAGG-GCTA	1	0	1	0.000167897918065816	0.0005	0.000016874999999999997
AAGG-GTTC	6	0	1	0.0010073875083948958	0.0005	0.00001875
AAGG-TCTC	2	0	1	0.000335795836131632	0.0005	0.0000159375
AAGG-TGTT	2	0	1	0.000335795836131632	0.0005	0.0000140625
AAGT-AGCA	1	0	1	0.000167897918065816	0.0005	0.000010500000000000001
AAGT-ATGC	6	0	1	0.0010073875083948958	0.0005	0.000012750000000000002
AAGT-GAGA	2	0	1	0.000335795836131632	0.0005	0.000011249999999999999
AAGT-TTCC	3	0	1	0.0005036937541974479	0.0005	0.00001425
AATA-ACGT	2	0	1	0.000335795836131632	0.0005	0.000009
AATA-ACTA	2	0	1	0.000335795836131632	0.0005	0.000011249999999999999
AATA-AGAA	1	0	1	0.000167897918065816	0.0005	0.000010500000000000001
AATA-ATCT	2	0	1	0.000335795836131632	0.0005	0.000015
AATA-ATGG	4	0	1	0.000671591672263264	0.0005	0.000012
AATA-GCGG	2	0	1	0.000335795836131632	0.0005	0.00001575
AATA-GGTG	1	0	1	0.000167897918065816	0.0005	0.000012
AATA-TCCG	2	0	1	0.000335795836131632	0.0005	0.000012750000000000002
AATC-AACT	2	0	1	0.000335795836131632	0.0005	0.000011249999999999999
AATC-AATC	1	0	1	0.000167897918065816	0.0005	0.000020249999999999998
AATC-ACTT	3	0	1	0.0005036937541974479	0.0005	0.000011249999999999999
AATC-TACC	2	0	1	0.000335795836131632	0.0005	0.000014624999999999998
AATC-TATT	4	0	1	0.000671591672263264	0.0005	0.000018
AATC-TTGG	7	0	1	0.0011752854264607119	0.0005	0.000016874999999999997
AATG-ATGC	1	0	1	0.000167897918065816	0.0005	0.000012750000000000002
AATG-CAGG	2	0	1	0.000335795836131632	0.0005	0.000012750000000000002
AATG-TCAC	3	0	1	0.0005036937541974479	0.0005	0.000010500000000000001
AATT-AGCA	2	0	1	0.000335795836131632	0.0005	0.00001575
AATT-AGGG	1	0	1	0.000167897918065816	0.0005	0.000016874999999999997
AATT-CAGT	1	0	1	0.000167897918065816	0.0005	0.000011249999999999999
AATT-CCAT	5	0	1	0.0008394895903290799	0.0005	0.000022499999999999998
AATT-CGCA	4	0	1	0.000671591672263264	0.0005	0.000014624999999999998
AATT-GACG	5	0	1	0.0008394895903290799	0.0005	0.000022499999999999998
AATT-GCCG	3	0	1	0.0005036937541974479	0.0005	0.00001575
AATT-TGAG	6	0	1	0.0010073875083948958	0.0005	0.000022499999999999998
AATT-TGTA	4	0	1	0.000671591672263264	0.0005	0.000020249999999999998
AATT-TGTC	4	0	1	0.000671591672263264	0.0005	0.00001575
AATT-TTGC	4	0	1	0.000671591672263264	0.0005	0.000027
ACAA-AACC	4	0	1	0.000671591672263264	0.0005	0.000011249999999999999
ACAA-ACAC	4	0	1	0.000671591672263264	0.0005	0.000008249999999999999
ACAA-CCGC	3	0	1	0.0005036937541974479	0.0005	0.000009
ACAA-CTCC	3	0	1	0.0005036937541974479	0.0005	0.000011249999999999999
ACAA-GCTA	3	0	1	0.0005036937541974479	0.0005	0.0000135
ACAC-AAAG	2	0	1	0.000335795836131632	0.0005	0.000015812499999999998
ACAC-AACA	1	0	1	0.000167897918065816	0.0005	0.000010312499999999998
ACAC-GTAT	2	0	1	0.000335795836131632	0.0005	0.000010312499999999998
ACAC-TAAC	4	0	1	0.000671591672263264	0.0005	0.000012374999999999998
ACAC-TGTG	3	0	1	0.0005036937541974479	0.0005	0.000013062499999999999
ACAG-ACAT	4	0	1	0.000671591672263264	0.0005	0.000012250000000000001
ACAG-ACGG	3	0	1	0.0005036937541974479	0.0005	0.000014
ACAG-AGAT	4	0	1	0.000671591672263264	0.0005	0.000013125
ACAG-AGGA	2	0	1	0.000335795836131632	0.0005	0.000014
ACAG-CTGT	1	0	1	0.000167897918065816	0.0005	0.000010500000000000001
ACAT-ATCA	2	0	1	0.000335795836131632	0.0005	0.000012250000000000001
ACAT-GTCA	4	0	1	0.000671591672263264	0.0005	0.000007
ACAT-GTTA	1	0	1	0.000167897918065816	0.0005	0.000011375
ACAT-TACC	2	0	1	0.000335795836131632	0.0005	0.000011375
ACAT-TATG	3	0	1	0.0005036937541974479	0.0005	0.000014875
ACCA-AACT	1	0	1	0.000167897918065816	0.0005	0.0000125
ACCA-AATT	1	0	1	0.000167897918065816	0.0005	0.000022499999999999998
ACCA-AGAA	2	0	1	0.000335795836131632	0.0005	0.000017500000000000002
ACCA-CCTC	1	0	1	0.000167897918065816	0.0005	0.000017500000000000002
ACCA-CGGT	2	0	1	0.000335795836131632	0.0005	0.00002
ACCA-GGCT	1	0	1	0.000167897918065816	0.0005	0.000025
ACCA-GGGC	2	0	1	0.000335795836131632	0.0005	0.00002125
ACCA-GTGG	10	0	1	0.0016789791806581598	0.0005	0.000027499999999999998
ACCC-ACCG	2	0	1	0.000335795836131632	0.0005	0.0000144375
ACCC-CTTA	1	0	1	0.000167897918065816	0.0005	0.000009625
ACCC-GGCG	5	0	1	0.0008394895903290799	0.0005	0.000007562499999999999
ACCC-GTCT	1	0	1	0.000167897918065816	0.0005	0.000008249999999999999
ACCC-GTGT	4	0	1	0.000671591672263264	0.0005	0.000010312499999999998
ACCC-TTTA	2	0	1	0.000335795836131632	0.0005	0.0000116875
ACCG-ACAC	1	0	1	0.000167897918065816	0.0005	0.0000144375
ACCG-ACGG	1	0	1	0.000167897918065816	0.0005	0.000021000000000000002
ACCG-AGTG	3	0	1	0.0005036937541974479	0.0005	0.000021000000000000002
ACCG-GATT	2	0	1	0.000335795836131632	0.0005	0.000023624999999999998
ACCG-GCCG	1	0	1	0.000167897918065816	0.0005	0.000018375000000000003
ACCG-GGTC	3	0	1	0.0005036937541974479	0.0005	0.0000196875
ACCT-ATGT	3	0	1	0.0005036937541974479	0.0005	0.000025500000000000003
ACCT-GCTC	4	0	1	0.000671591672263264	0.0005	0.000017000000000000003
ACCT-GGGT	2	0	1	0.000335795836131632	0.0005	0.00002125
ACCT-GTCA	2	0	1	0.000335795836131632	0.0005	0.000008500000000000002
ACCT-TCGC	1	0	1	0.000167897918065816	0.0005	0.000014875
ACCT-TCGG	5	0	1	0.0008394895903290799	0.0005	0.000010625
ACCT-TTAG	3	0	1	0.0005036937541974479	0.0005	0.0000116875
ACGA-AAGC	3	0	1	0.0005036937541974479	0.0005	0.000021000000000000002
ACGA-AAGT	2	0	1	0.000335795836131632	0.0005	0.000010500000000000001
ACGA-ATAG	3	0	1	0.0005036937541974479	0.0005	0.000011375
ACGA-TAGG	3	0	1	0.0005036937541974479	0.0005	0.000014875
ACGA-TCCC	1	0	1	0.000167897918065816	0.0005	0.00001575
ACGA-TCGT	1	0	1	0.000167897918065816	0.0005	0.000014
ACGA-TGAG	3	0	1	0.0005036937541974479	0.0005	0.000017500000000000002
ACGC-AAAG	2	0	1	0.000335795836131632	0.0005	0.0000345
ACGC-ACTT	4	0	1	0.000671591672263264	0.0005	0.000015
ACGC-AGTC	3	0	1	0.0005036937541974479	0.0005	0.000024
ACGC-CTAT	1	0	1	0.000167897918065816	0.0005	0.0000315
ACGC-GCCA	5	0	1	0.0008394895903290799	0.0005	0.000036
ACGC-GGCT	2	0	1	0.000335795836131632	0.0005	0.00003
ACGC-GTCT	1	0	1	0.000167897918065816	0.0005	0.000018
ACGC-GTTT	3	0	1	0.0005036937541974479	0.0005	0.000025500000000000003
ACGC-TCAT	3	0	1	0.0005036937541974479	0.0005	0.000027
ACGC-TTCG	1	0	1	0.000167897918065816	0.0005	0.000018
ACGG-AAGA	3	0	1	0.0005036937541974479	0.0005	0.000014
ACGG-ACTC	1	0	1	0.000167897918065816	0.0005	0.000009
ACGG-AGCC	6	0	1	0.0010073875083948958	0.0005	0.000018
ACGG-CGAG	8	0	1	0.001343183344526528	0.0005	0.000014
ACGG-CTCC	2	0	1	0.000335795836131632	0.0005	0.000015
ACGG-GAGA	2	0	1	0.000335795836131632	0.0005	0.000015
ACGG-GCGA	8	0	1	0.001343183344526528	0.0005	0.000018
ACGG-TTGT	3	0	1	0.0005036937541974479	0.0005	0.000019
ACGT-AAGC	2	0	1	0.000335795836131632	0.0005	0.000018
ACGT-AGGC	1	0	1	0.000167897918065816	0.0005	0.000008249999999999999
ACGT-GATT	3	0	1	0.0005036937541974479	0.0005	0.0000135
ACGT-GTAG	4	0	1	0.000671591672263264	0.0005	0.000010500000000000001
ACGT-GTGT	3	0	1	0.0005036937541974479	0.0005	0.000011249999999999999
ACTA-ATCG	1	0	1	0.000167897918065816	0.0005	0.0000121875
ACTA-ATGC	3	0	1	0.0005036937541974479	0.0005	0.0000159375
ACTA-CACT	6	0	1	0.0010073875083948958	0.0005	0.000015
ACTA-CCCA	5	0	1	0.0008394895903290799	0.0005	0.000011249999999999999
ACTA-CGAC	6	0	1	0.0010073875083948958	0.0005	0.000015
ACTA-CTCT	2	0	1	0.000335795836131632	0.0005	0.000015
ACTA-TTAG	3	0	1	0.0005036937541974479	0.0005	0.000010312499999999998
ACTA-TTAT	1	0	1	0.000167897918065816	0.0005	0.0000196875
ACTC-AGCG	3	0	1	0.0005036937541974479	0.0005	0.000010124999999999999
ACTC-CATC	2	0	1	0.000335795836131632	0.0005	0.0000095625
ACTC-CCCC	3	0	1	0.0005036937541974479	0.0005	0.000011812499999999999
ACTC-CGGC	5	0	1	0.0008394895903290799	0.0005	0.000008437499999999998
ACTC-CTAC	5	0	1	0.0008394895903290799	0.0005	0.000011812499999999999
ACTC-GGTG	1	0	1	0.000167897918065816	0.0005	0.000009
ACTG-AACC	10	0	1	0.0016789791806581598	0.0005	0.0000121875
ACTG-ACCA	6	0	1	0.0010073875083948958	0.0005	0.00001625
ACTG-CAGC	4	0	1	0.000671591672263264	0.0005	0.000014624999999999998
ACTG-CATG	2	0	1	0.000335795836131632	0.0005	0.0000065
ACTG-CCCC	3	0	1	0.0005036937541974479	0.0005	0.0000170625
ACTG-CGAA	3	0	1	0.0005036937541974479	0.0005	0.0000105625
ACTG-GGGC	2	0	1	0.000335795836131632	0.0005	0.0000138125
ACTG-TCTC	3	0	1	0.0005036937541974479	0.0005	0.0000138125
ACTG-TTCT	2	0	1	0.000335795836131632	0.0005	0.0000138125
ACTT-ATCG	2	0	1	0.000335795836131632	0.0005	0.000008125
ACTT-CTTG	4	0	1	0.000671591672263264	0.0005	0.000011249999999999999
ACTT-GGTC	3	0	1	0.0005036937541974479	0.0005	0.000009375
AGAA-AGAG	3	0	1	0.0005036937541974479	0.0005	0.000012250000000000001
AGAA-CGGA	8	0	1	0.001343183344526528	0.0005	0.000014
AGAA-CTTA	1	0	1	0.000167897918065816	0.0005	0.000012250000000000001
AGAA-GGCC	10	0	1	0.0016789791806581598	0.0005	0.000010500000000000001
AGAA-GGGC	3	0	1	0.0005036937541974479	0.0005	0.000014875
AGAA-TCAG	1	0	1	0.000167897918065816	0.0005	0.000013125
AGAA-TTGA	1	0	1	0.000167897918065816	0.0005	0.000013125
AGAC-ATAA	2	0	1	0.000335795836131632	0.0005	0.000011375
AGAC-CAGT	3	0	1	0.0005036937541974479	0.0005	0.000008750000000000001
AGAC-TAAG	1	0	1	0.000167897918065816	0.0005	0.000011375
AGAC-TCCC	3	0	1	0.0005036937541974479	0.0005	0.00001575
AGAC-TGGA	3	0	1	0.0005036937541974479	0.0005	0.000009625
AGAC-TTAC	5	0	1	0.0008394895903290799	0.0005	0.000010500000000000001
AGAG-AGAT	2	0	1	0.000335795836131632	0.0005	0.000013125
AGAG-GGAA	2	0	1	0.000335795836131632	0.0005	0.000017500000000000002
AGAG-GGAG	5	0	1	0.0008394895903290799	0.0005	0.00001575
AGAT-AGCC	3	0	1	0.0005036937541974479	0.0005	0.000016874999999999997
AGAT-ATCA	6	0	1	0.0010073875083948958	0.0005	0.000013125
AGAT-ATTA	2	0	1	0.000335795836131632	0.0005	0.000013125
AGAT-CGAG	5	0	1	0.0008394895903290799	0.0005	0.000013125
AGAT-GAAA	1	0	1	0.000167897918065816	0.0005	0.000010312499999999998
AGAT-GAGG	3	0	1	0.0005036937541974479	0.0005	0.0000234375
AGAT-GTTC	1	0	1	0.000167897918065816	0.0005	0.00001875
AGAT-TAGT	3	0	1	0.0005036937541974479	0.0005	0.000015
AGAT-TTGG	2	0	1	0.000335795836131632	0.0005	0.0000140625
AGCA-ATCA	3	0	1	0.0005036937541974479	0.0005	0.000012250000000000001
AGCA-CTTC	5	0	1	0.0008394895903290799	0.0005	0.000014
AGCA-GATT	5	0	1	0.0008394895903290799	0.0005	0.00001575
AGCA-GGCG	2	0	1	0.000335795836131632	0.0005	0.000009625
AGCA-GTAG	11	0	1	0.0018468770987239758	0.0005	0.000012250000000000001
AGCA-GTGC	2	0	1	0.000335795836131632	0.0005	0.000018375000000000003
AGCA-TAGC	2	0	1	0.000335795836131632	0.0005	0.000014875
AGCA-TTGA	3	0	1	0.0005036937541974479	0.0005	0.000013125
AGCC-AAGC	1	0	1	0.000167897918065816	0.0005	0.000027
AGCC-ATAC	6	0	1	0.0010073875083948958	0.0005	0.000021374999999999998
AGCC-CAAC	3	0	1	0.0005036937541974479	0.0005	0.000019125
AGCC-CTTA	4	0	1	0.000671591672263264	0.0005	0.00001575
AGCC-GAAG	2	0	1	0.000335795836131632	0.0005	0.0000135
AGCC-GTTG	1	0	1	0.000167897918065816	0.0005	0.0000135
AGCC-TGAA	2	0	1	0.000335795836131632	0.0005	0.000019125
AGCC-TTCA	1	0	1	0.000167897918065816	0.0005	0.000020249999999999998
AGCG-AACA	3	0	1	0.0005036937541974479	0.0005	0.000016874999999999997
AGCG-CAGC	2	0	1	0.000335795836131632	0.0005	0.000020249999999999998
AGCG-CCAT	2	0	1	0.000335795836131632	0.0005	0.000022499999999999998
AGCG-CGAA	1	0	1	0.000167897918065816	0.0005	0.000014624999999999998
AGCG-GCAG	1	0	1	0.000167897918065816	0.0005	0.000023624999999999998
AGCG-GGCC	2	0	1	0.000335795836131632	0.0005	0.0000135
AGCG-GTCG	2	0	1	0.000335795836131632	0.0005	0.000016874999999999997
AGCG-TCTG	6	0	1	0.0010073875083948958	0.0005	0.000016874999999999997
AGCG-TTCT	2	0	1	0.000335795836131632	0.0005	0.000019125
AGCT-AATC	2	0	1	0.000335795836131632	0.0005	0.000018
AGCT-ACGC	1	0	1	0.000167897918065816	0.0005	0.000024
AGCT-ATGA	1	0	1	0.000167897918065816	0.0005	0.000018
AGCT-CCCC	2	0	1	0.000335795836131632	0.0005	0.000021000000000000002
AGCT-CGCT	1	0	1	0.000167897918065816	0.0005	0.00002
AGCT-GGGC	1	0	1	0.000167897918065816	0.0005	0.000017000000000000003
AGCT-GGTA	5	0	1	0.0008394895903290799	0.0005	0.000016
AGCT-TATG	3	0	1	0.0005036937541974479	0.0005	0.000017000000000000003
AGCT-TCAA	2	0	1	0.000335795836131632	0.0005	0.000021000000000000002
AGCT-TCTA	2	0	1	0.000335795836131632	0.0005	0.000012
AGGA-ACTA	3	0	1	0.0005036937541974479	0.0005	0.000015
AGGA-AGAC	1	0	1	0.000167897918065816	0.0005	0.000014
AGGA-CAAA	2	0	1	0.000335795836131632	0.0005	0.000013
AGGA-CGGG	13	0	1	0.002182672934855608	0.0005	0.000014
AGGA-CTAC	9	0	1	0.0015110812625923438	0.0005	0.000021000000000000002
AGGA-GCTT	5	0	1	0.0008394895903290799	0.0005	0.000008
AGGC-AATT	2	0	1	0.000335795836131632	0.0005	0.000012374999999999998
AGGC-ACCA	4	0	1	0.000671591672263264	0.0005	0.000013749999999999999
AGGC-AGAT	1	0	1	0.000167897918065816	0.0005	0.000010312499999999998
AGGC-GAGA	3	0	1	0.0005036937541974479	0.0005	0.000010312499999999998
AGGC-TAGC	6	0	1	0.0010073875083948958	0.0005	0.0000116875
AGGC-TTAC	4	0	1	0.000671591672263264	0.0005	0.000008249999999999999
AGGG-ACAT	2	0	1	0.000335795836131632	0.0005	0.000013125
AGGG-CGCA	2	0	1	0.000335795836131632	0.0005	0.0000121875
AGGG-CGGT	1	0	1	0.000167897918065816	0.0005	0.000015
AGGG-TCAG	3	0	1	0.0005036937541974479	0.0005	0.0000140625
AGGT-AGGC	4	0	1	0.000671591672263264	0.0005	0.000007562499999999999
AGGT-GAAC	5	0	1	0.0008394895903290799	0.0005	0.000006874999999999999
AGGT-GCTA	2	0	1	0.000335795836131632	0.0005	0.000012374999999999998
AGTA-AGAA	4	0	1	0.000671591672263264	0.0005	0.000013125
AGTA-GTAT	5	0	1	0.0008394895903290799	0.0005	0.0000140625
AGTA-GTTC	4	0	1	0.000671591672263264	0.0005	0.00001875
AGTA-GTTT	1	0	1	0.000167897918065816	0.0005	0.0000159375
AGTA-TCGG	6	0	1	0.0010073875083948958	0.0005	0.000009375
AGTA-TGCC	3	0	1	0.0005036937541974479	0.0005	0.000013125
AGTC-ACAT	3	0	1	0.0005036937541974479	0.0005	0.000014
AGTC-AGGC	1	0	1	0.000167897918065816	0.0005	0.000011
AGTC-GCCA	3	0	1	0.0005036937541974479	0.0005	0.000024
AGTC-TAAT	4	0	1	0.000671591672263264	0.0005	0.000012
AGTC-TAGC	2	0	1	0.000335795836131632	0.0005	0.000017000000000000003
AGTC-TGAC	5	0	1	0.0008394895903290799	0.0005	0.000017000000000000003
AGTC-TGTA	2	0	1	0.000335795836131632	0.0005	0.000018
AGTG-ACTC	3	0	1	0.0005036937541974479	0.0005	0.000009
AGTG-TATG	4	0	1	0.000671591672263264	0.0005	0.000017000000000000003
AGTG-TCGC	5	0	1	0.0008394895903290799	0.0005	0.000014
AGTG-TTTT	2	0	1	0.000335795836131632	0.0005	0.000016
AGTT-ACAG	3	0	1	0.0005036937541974479	0.0005	0.000016625
AGTT-AGAC	1	0	1	0.000167897918065816	0.0005	0.000016625
AGTT-ATTA	5	0	1	0.0008394895903290799	0.0005	0.000016625
AGTT-CAAG	6	0	1	0.0010073875083948958	0.0005	0.000016625
AGTT-CCAA	10	0	1	0.0016789791806581598	0.0005	0.000013062499999999999
AGTT-CTGG	2	0	1	0.000335795836131632	0.0005	0.00001425
AGTT-TACC	4	0	1	0.000671591672263264	0.0005	0.0000154375
AGTT-TCAT	4	0	1	0.000671591672263264	0.0005	0.000021374999999999998
AGTT-TCCT	2	0	1	0.000335795836131632	0.0005	0.0000201875
ATAA-AATC	1	0	1	0.000167897918065816	0.0005	0.000014624999999999998
ATAA-AGGT	1	0	1	0.000167897918065816	0.0005	0.000008937499999999999
ATAA-GAGG	2	0	1	0.000335795836131632	0.0005	0.0000203125
ATAA-GCGG	3	0	1	0.0005036937541974479	0.0005	0.0000170625
ATAA-GGTG	2	0	1	0.000335795836131632	0.0005	0.000013
ATAC-AGAT	2	0	1	0.000335795836131632	0.0005	0.0000178125
ATAC-CGAT	2	0	1	0.000335795836131632	0.0005	0.000019
ATAC-CGGT	4	0	1	0.000671591672263264	0.0005	0.000019
ATAC-GCCA	5	0	1	0.0008394895903290799	0.0005	0.0000285
ATAC-GGGA	3	0	1	0.0005036937541974479	0.0005	0.0000249375
ATAC-GGGG	2	0	1	0.000335795836131632	0.0005	0.000019
ATAC-TAGG	1	0	1	0.000167897918065816	0.0005	0.0000201875
ATAC-TGAA	1	0	1	0.000167897918065816	0.0005	0.0000201875
ATAG-ACCC	6	0	1	0.0010073875083948958	0.0005	0.000008937499999999999
ATAG-CCTC	1	0	1	0.000167897918065816	0.0005	0.000011375
ATAG-GAGT	3	0	1	0.0005036937541974479	0.0005	0.000013
ATAG-GGAG	3	0	1	0.0005036937541974479	0.0005	0.000014624999999999998
ATAG-GGAT	3	0	1	0.0005036937541974479	0.0005	0.00000975
ATAG-GTAA	1	0	1	0.000167897918065816	0.0005	0.00000975
ATAG-TTCT	1	0	1	0.000167897918065816	0.0005	0.0000138125
ATAT-AGAG	2	0	1	0.000335795836131632	0.0005	0.000018375000000000003
ATAT-CCGG	7	0	1	0.0011752854264607119	0.0005	0.00001575
ATAT-GACA	2	0	1	0.000335795836131632	0.0005	0.00002625
ATAT-GCCG	2	0	1	0.000335795836131632	0.0005	0.000018375000000000003
ATAT-GGTT	2	0	1	0.000335795836131632	0.0005	0.00002625
ATAT-TAGG	5	0	1	0.0008394895903290799	0.0005	0.000022312500000000004
ATAT-TCGA	6	0	1	0.0010073875083948958	0.0005	0.000018375000000000003
ATAT-TGTC	6	0	1	0.0010073875083948958	0.0005	0.000018375000000000003
ATAT-TTGC	2	0	1	0.000335795836131632	0.0005	0.0000315
ATCA-ACCA	3	0	1	0.0005036937541974479	0.0005	0.000017500000000000002
ATCA-ACCG	4	0	1	0.000671591672263264	0.0005	0.000018375000000000003
ATCA-AGCC	2	0	1	0.000335795836131632	0.0005	0.00001575
ATCA-CAAC	2	0	1	0.000335795836131632	0.0005	0.000014875
ATCA-CGTC	1	0	1	0.000167897918065816	0.0005	0.000010500000000000001
ATCA-TAAA	3	0	1	0.0005036937541974479	0.0005	0.00001575
ATCA-TCCG	1	0	1	0.000167897918065816	0.0005	0.000014875
ATCA-TGTG	5	0	1	0.0008394895903290799	0.0005	0.000016625
ATCC-AAAC	3	0	1	0.0005036937541974479	0.0005	0.000014624999999999998
ATCC-AGAC	3	0	1	0.0005036937541974479	0.0005	0.000011375
ATCC-AGCA	2	0	1	0.000335795836131632	0.0005	0.000011375
ATCC-GCTA	2	0	1	0.000335795836131632	0.0005	0.000014624999999999998
ATCC-GCTC	7	0	1	0.0011752854264607119	0.0005	0.000013
ATCC-GTGC	1	0	1	0.000167897918065816	0.0005	0.0000170625
ATCG-ATGA	9	0	1	0.0015110812625923438	0.0005	0.000014624999999999998
ATCG-CATC	5	0	1	0.0008394895903290799	0.0005	0.0000138125
ATCG-CGAT	1	0	1	0.000167897918065816	0.0005	0.000013
ATCG-CTAA	1	0	1	0.000167897918065816	0.0005	0.0000154375
ATCG-TAAC	13	0	1	0.002182672934855608	0.0005	0.000014624999999999998
ATCT-ATGA	4	0	1	0.000671591672263264	0.0005	0.000022499999999999998
ATCT-ATGT	2	0	1	0.000335795836131632	0.0005	0.00003
ATCT-CAGC	3	0	1	0.0005036937541974479	0.0005	0.000022499999999999998
ATCT-CTAT	2	0	1	0.000335795836131632	0.0005	0.00002625
ATCT-TGAG	5	0	1	0.0008394895903290799	0.0005	0.000025
ATCT-TGCC	9	0	1	0.0015110812625923438	0.0005	0.000017500000000000002
ATGA-AATG	3	0	1	0.0005036937541974479	0.0005	0.0000135
ATGA-AATT	4	0	1	0.000671591672263264	0.0005	0.000020249999999999998
ATGA-ACAG	7	0	1	0.0011752854264607119	0.0005	0.00001575
ATGA-CGAT	3	0	1	0.0005036937541974479	0.0005	0.000018
ATGA-CTCC	2	0	1	0.000335795836131632	0.0005	0.000016874999999999997
ATGA-GGGT	2	0	1	0.000335795836131632	0.0005	0.000022499999999999998
ATGA-GTCG	6	0	1	0.0010073875083948958	0.0005	0.000016874999999999997
ATGA-TATC	2	0	1	0.000335795836131632	0.0005	0.00001575
ATGC-AATC	2	0	1	0.000335795836131632	0.0005	0.000019125
ATGC-ATAA	4	0	1	0.000671591672263264	0.0005	0.0000138125
ATGC-ATAT	5	0	1	0.0008394895903290799	0.0005	0.000022312500000000004
ATGC-CGCG	2	0	1	0.000335795836131632	0.0005	0.000017000000000000003
ATGC-CGCT	1	0	1	0.000167897918065816	0.0005	0.00002125
ATGC-CTCA	2	0	1	0.000335795836131632	0.0005	0.000017000000000000003
ATGC-GAGC	2	0	1	0.000335795836131632	0.0005	0.0000159375
ATGC-GCCT	3	0	1	0.0005036937541974479	0.0005	0.0000159375
ATGC-GGGA	3	0	1	0.0005036937541974479	0.0005	0.000022312500000000004
ATGG-AGGG	1	0	1	0.000167897918065816	0.0005	0.000015
ATGG-CCCT	1	0	1	0.000167897918065816	0.0005	0.000016
ATGG-GGCC	4	0	1	0.000671591672263264	0.0005	0.000012
ATGG-GTCG	2	0	1	0.000335795836131632	0.0005	0.000015
ATGG-TCGA	3	0	1	0.0005036937541974479	0.0005	0.000014
ATGT-AACC	1	0	1	0.000167897918065816	0.0005	0.000022499999999999998
ATGT-AAGG	3	0	1	0.0005036937541974479	0.0005	0.000022499999999999998
ATGT-AGCC	2	0	1	0.000335795836131632	0.0005	0.000027
ATGT-CACA	3	0	1	0.0005036937541974479	0.0005	0.000021000000000000002
ATGT-CCCT	4	0	1	0.000671591672263264	0.0005	0.000024
ATGT-CTGA	4	0	1	0.000671591672263264	0.0005	0.000025500000000000003
ATGT-GTTT	1	0	1	0.000167897918065816	0.0005	0.000025500000000000003
ATGT-TAAG	3	0	1	0.0005036937541974479	0.0005	0.0000195
ATGT-TTAA	1	0	1	0.000167897918065816	0.0005	0.000021000000000000002
ATGT-TTAG	8	0	1	0.001343183344526528	0.0005	0.000016499999999999998
ATGT-TTGG	2	0	1	0.000335795836131632	0.0005	0.000022499999999999998
ATTA-CGGC	1	0	1	0.000167897918065816	0.0005	0.000013125
ATTA-GTGA	1	0	1	0.000167897918065816	0.0005	0.000014875
ATTA-TAAC	1	0	1	0.000167897918065816	0.0005	0.00001575
ATTA-TAGG	4	0	1	0.000671591672263264	0.0005	0.000014875
ATTA-TCTA	1	0	1	0.000167897918065816	0.0005	0.000010500000000000001
ATTA-TGAG	3	0	1	0.0005036937541974479	0.0005	0.000017500000000000002
ATTA-TGCT	3	0	1	0.0005036937541974479	0.0005	0.000017500000000000002
ATTC-CTAA	11	0	1	0.0018468770987239758	0.0005	0.000016625
ATTC-CTAC	1	0	1	0.000167897918065816	0.0005	0.000018375000000000003
ATTC-GTCG	6	0	1	0.0010073875083948958	0.0005	0.000013125
ATTC-TATA	7	0	1	0.0011752854264607119	0.0005	0.000016625
ATTG-AGAA	3	0	1	0.0005036937541974479	0.0005	0.000014
ATTG-CCCT	2	0	1	0.000335795836131632	0.0005	0.000016
ATTG-CCTG	4	0	1	0.000671591672263264	0.0005	0.000012
ATTG-CTTA	1	0	1	0.000167897918065816	0.0005	0.000014
ATTG-GATC	1	0	1	0.000167897918065816	0.0005	0.000011
ATTG-GCGG	3	0	1	0.0005036937541974479	0.0005	0.000021000000000000002
ATTG-TACA	3	0	1	0.0005036937541974479	0.0005	0.000012
ATTG-TCAC	2	0	1	0.000335795836131632	0.0005	0.000014
ATTT-CCGA	1	0	1	0.000167897918065816	0.0005	0.000022
ATTT-CCGC	5	0	1	0.0008394895903290799	0.0005	0.000016499999999999998
ATTT-CGGT	3	0	1	0.0005036937541974479	0.0005	0.000022
ATTT-CTAT	3	0	1	0.0005036937541974479	0.0005	0.000028875
ATTT-CTTG	4	0	1	0.000671591672263264	0.0005	0.000024749999999999995
ATTT-GACA	4	0	1	0.000671591672263264	0.0005	0.000027499999999999998
ATTT-GATA	2	0	1	0.000335795836131632	0.0005	0.000026124999999999998
ATTT-GCCA	2	0	1	0.000335795836131632	0.0005	0.000032999999999999996
ATTT-TAGC	1	0	1	0.000167897918065816	0.0005	0.000023375
ATTT-TATG	1	0	1	0.000167897918065816	0.0005	0.000023375
CAAA-ATCT	2	0	1	0.000335795836131632	0.0005	0.00001625
CAAA-CCGA	2	0	1	0.000335795836131632	0.0005	0.000013
CAAA-CCGC	3	0	1	0.0005036937541974479	0.0005	0.00000975
CAAA-CTTC	1	0	1	0.000167897918065816	0.0005	0.000013
CAAA-GACT	2	0	1	0.000335795836131632	0.0005	0.000011375
CAAA-TATC	1	0	1	0.000167897918065816	0.0005	0.000011375
CAAA-TTGT	4	0	1	0.000671591672263264	0.0005	0.0000154375
CAAA-TTTA	6	0	1	0.0010073875083948958	0.0005	0.0000138125
CAAC-ACGA	3	0	1	0.0005036937541974479	0.0005	0.000014875
CAAC-ATGC	2	0	1	0.000335795836131632	0.0005	0.000018062500000000002
CAAC-TACG	4	0	1	0.000671591672263264	0.0005	0.0000095625
CAAC-TCAT	2	0	1	0.000335795836131632	0.0005	0.000019125
CAAG-ACCT	2	0	1	0.000335795836131632	0.0005	0.000014875
CAAG-CTTC	1	0	1	0.000167897918065816	0.0005	0.000014
CAAG-GACC	1	0	1	0.000167897918065816	0.0005	0.000011375
CAAG-GATT	2	0	1	0.000335795836131632	0.0005	0.00001575
CAAG-TACC	6	0	1	0.0010073875083948958	0.0005	0.000011375
CAAG-TTTC	3	0	1	0.0005036937541974479	0.0005	0.000012250000000000001
CAAT-ATAT	1	0	1	0.000167897918065816	0.0005	0.000022312500000000004
CAAT-CCTT	2	0	1	0.000335795836131632	0.0005	0.0000095625
CAAT-GAGG	5	0	1	0.0008394895903290799	0.0005	0.000026562500000000002
CAAT-GGAG	4	0	1	0.000671591672263264	0.0005	0.000019125
CAAT-TAGT	4	0	1	0.000671591672263264	0.0005	0.000017000000000000003
CAAT-TCAT	2	0	1	0.000335795836131632	0.0005	0.000019125
CAAT-TCCT	1	0	1	0.000167897918065816	0.0005	0.000018062500000000002
CAAT-TTCA	2	0	1	0.000335795836131632	0.0005	0.000019125
CACA-ACAT	1	0	1	0.000167897918065816	0.0005	0.000012250000000000001
CACA-ATGC	2	0	1	0.000335795836131632	0.0005	0.000014875
CACA-ATGG	3	0	1	0.0005036937541974479	0.0005	0.000014
CACA-CCCC	2	0	1	0.000335795836131632	0.0005	0.000018375000000000003
CACA-GCTT	3	0	1	0.0005036937541974479	0.0005	0.000007
CACA-GGGG	2	0	1	0.000335795836131632	0.0005	0.000014
CACA-GTAT	3	0	1	0.0005036937541974479	0.0005	0.000013125
CACA-TAAC	4	0	1	0.000671591672263264	0.0005	0.00001575
CACC-AGTA	2	0	1	0.000335795836131632	0.0005	0.0000159375
CACC-CGTT	5	0	1	0.0008394895903290799	0.0005	0.000019125
CACC-GACT	1	0	1	0.000167897918065816	0.0005	0.000014875
CACC-GCGG	8	0	1	0.001343183344526528	0.0005	0.000022312500000000004
CACC-TAGG	2	0	1	0.000335795836131632	0.0005	0.000018062500000000002
CACG-CAAG	11	0	1	0.0018468770987239758	0.0005	0.000012250000000000001
CACG-CAAT	2	0	1	0.000335795836131632	0.0005	0.000014875
CACG-CACC	3	0	1	0.0005036937541974479	0.0005	0.000014875
CACG-GATG	2	0	1	0.000335795836131632	0.0005	0.000021875000000000003
CACG-TATA	7	0	1	0.0011752854264607119	0.0005	0.000016625
CACG-TCAA	2	0	1	0.000335795836131632	0.0005	0.000018375000000000003
CACG-TCCG	1	0	1	0.000167897918065816	0.0005	0.000014875
CACG-TGCT	5	0	1	0.0008394895903290799	0.0005	0.000017500000000000002
CACT-AACA	1	0	1	0.000167897918065816	0.0005	0.000015
CACT-CAGC	3	0	1	0.0005036937541974479	0.0005	0.000018
CACT-CAGT	4	0	1	0.000671591672263264	0.0005	0.00001
CACT-CTAC	3	0	1	0.0005036937541974479	0.0005	0.000021000000000000002
CACT-CTGT	3	0	1	0.0005036937541974479	0.0005	0.000012
CACT-GGGA	2	0	1	0.000335795836131632	0.0005	0.000021000000000000002
CACT-TTAT	3	0	1	0.0005036937541974479	0.0005	0.000021000000000000002
CACT-TTTA	5	0	1	0.0008394895903290799	0.0005	0.000017000000000000003
CAGA-ACGG	1	0	1	0.000167897918065816	0.0005	0.000013
CAGA-AGGG	11	0	1	0.0018468770987239758	0.0005	0.0000121875
CAGA-CACC	6	0	1	0.0010073875083948958	0.0005	0.0000138125
CAGA-CATC	2	0	1	0.000335795836131632	0.0005	0.0000138125
CAGA-CCTC	7	0	1	0.0011752854264607119	0.0005	0.000011375
CAGA-CTAC	2	0	1	0.000335795836131632	0.0005	0.0000170625
CAGA-GCGC	2	0	1	0.000335795836131632	0.0005	0.000014624999999999998
CAGA-GCTC	3	0	1	0.0005036937541974479	0.0005	0.000013
CAGA-TTTT	2	0	1	0.000335795836131632	0.0005	0.000013
CAGC-ACGC	2	0	1	0.000335795836131632	0.0005	0.000027
CAGC-CATG	1	0	1	0.000167897918065816	0.0005	0.000009
CAGC-CCAG	3	0	1	0.0005036937541974479	0.0005	0.000016874999999999997
CAGC-CGAT	1	0	1	0.000167897918065816	0.0005	0.000018
CAGC-CGCA	3	0	1	0.0005036937541974479	0.0005	0.000014624999999999998
CAGC-GTAA	1	0	1	0.000167897918065816	0.0005	0.0000135
CAGG-ACAG	11	0	1	0.0018468770987239758	0.0005	0.000014875
CAGG-ACCT	3	0	1	0.0005036937541974479	0.0005	0.000018062500000000002
CAGG-ACGC	1	0	1	0.000167897918065816	0.0005	0.000025500000000000003
CAGG-ATGC	3	0	1	0.0005036937541974479	0.0005	0.000018062500000000002
CAGG-CACA	4	0	1	0.000671591672263264	0.0005	0.000014875
CAGG-TATA	3	0	1	0.0005036937541974479	0.0005	0.0000201875
CAGG-TCAA	5	0	1	0.0008394895903290799	0.0005	0.000022312500000000004
CAGT-AAAG	2	0	1	0.000335795836131632	0.0005	0.000014375
CAGT-AAGT	8	0	1	0.001343183344526528	0.0005	0.0000075
CAGT-CAGT	3	0	1	0.0005036937541974479	0.0005	0.00000625
CAGT-CATC	3	0	1	0.0005036937541974479	0.0005	0.000010625
CAGT-CCGA	1	0	1	0.000167897918065816	0.0005	0.00001
CATA-AAGA	1	0	1	0.000167897918065816	0.0005	0.00001575
CATA-AAGC	3	0	1	0.0005036937541974479	0.0005	0.000027
CATA-ACCG	11	0	1	0.0018468770987239758	0.0005	0.000023624999999999998
CATA-ATAT	3	0	1	0.0005036937541974479	0.0005	0.000023624999999999998
CATA-ATTG	2	0	1	0.000335795836131632	0.0005	0.000018
CATA-CACT	1	0	1	0.000167897918065816	0.0005	0.000018
CATA-CCAC	2	0	1	0.000335795836131632	0.0005	0.000020249999999999998
CATA-CGGC	1	0	1	0.000167897918065816	0.0005	0.000016874999999999997
CATA-CTGA	5	0	1	0.0008394895903290799	0.0005	0.000019125
CATA-GTTG	5	0	1	0.0008394895903290799	0.0005	0.0000135
CATA-TATA	4	0	1	0.000671591672263264	0.0005	0.000021374999999999998
CATA-TCTT	5	0	1	0.0008394895903290799	0.0005	0.0000135
CATA-TGTG	3	0	1	0.0005036937541974479	0.0005	0.000021374999999999998
CATA-TTGC	2	0	1	0.000335795836131632	0.0005	0.000027
CATC-ACCC	6	0	1	0.0010073875083948958	0.0005	0.0000116875
CATC-CCCT	3	0	1	0.0005036937541974479	0.0005	0.000017000000000000003
CATC-CTCA	2	0	1	0.000335795836131632	0.0005	0.000017000000000000003
CATC-CTCT	2	0	1	0.000335795836131632	0.0005	0.000017000000000000003
CATC-GACT	2	0	1	0.000335795836131632	0.0005	0.000014875
CATC-GCCT	10	0	1	0.0016789791806581598	0.0005	0.0000159375
CATC-TAAC	2	0	1	0.000335795836131632	0.0005	0.000019125
CATG-AAGA	2	0	1	0.000335795836131632	0.0005	0.000007
CATG-AGGA	6	0	1	0.0010073875083948958	0.0005	0.000008
CATG-CGCC	3	0	1	0.0005036937541974479	0.0005	0.000010500000000000001
CATT-AACA	3	0	1	0.0005036937541974479	0.0005	0.0000159375
CATT-ACGA	1	0	1	0.000167897918065816	0.0005	0.000014875
CATT-AGCC	9	0	1	0.0015110812625923438	0.0005	0.000019125
CATT-CAAA	5	0	1	0.0008394895903290799	0.0005	0.0000138125
CATT-CCTA	2	0	1	0.000335795836131632	0.0005	0.000019125
CATT-CGTG	1	0	1	0.000167897918065816	0.0005	0.000012750000000000002
CATT-GACG	1	0	1	0.000167897918065816	0.0005	0.00002125
CATT-TCGT	1	0	1	0.000167897918065816	0.0005	0.000017000000000000003
CCAA-AAGC	3	0	1	0.0005036937541974479	0.0005	0.000016499999999999998
CCAA-GTGA	7	0	1	0.0011752854264607119	0.0005	0.0000116875
CCAA-TAAA	2	0	1	0.000335795836131632	0.0005	0.000012374999999999998
CCAA-TACT	2	0	1	0.000335795836131632	0.0005	0.000013062499999999999
CCAC-ACCA	8	0	1	0.001343183344526528	0.0005	0.000022499999999999998
CCAC-ATCG	1	0	1	0.000167897918065816	0.0005	0.000014624999999999998
CCAC-ATTC	2	0	1	0.000335795836131632	0.0005	0.00001575
CCAC-CATA	3	0	1	0.0005036937541974479	0.0005	0.000020249999999999998
CCAC-CCAG	2	0	1	0.000335795836131632	0.0005	0.000016874999999999997
CCAC-CCAT	2	0	1	0.000335795836131632	0.0005	0.000022499999999999998
CCAC-CGTT	2	0	1	0.000335795836131632	0.0005	0.000020249999999999998
CCAC-GCGG	3	0	1	0.0005036937541974479	0.0005	0.000023624999999999998
CCAC-GGGG	4	0	1	0.000671591672263264	0.0005	0.000018
CCAC-TAAT	4	0	1	0.000671591672263264	0.0005	0.0000135
CCAC-TGCA	1	0	1	0.000167897918065816	0.0005	0.000019125
CCAC-TGGC	3	0	1	0.0005036937541974479	0.0005	0.000016874999999999997
CCAG-AGTT	1	0	1	0.000167897918065816	0.0005	0.0000178125
CCAG-CGTC	6	0	1	0.0010073875083948958	0.0005	0.000011249999999999999
CCAG-GACA	6	0	1	0.0010073875083948958	0.0005	0.00001875
CCAG-GAGA	1	0	1	0.000167897918065816	0.0005	0.0000140625
CCAG-GGTA	3	0	1	0.0005036937541974479	0.0005	0.000015
CCAG-GTTA	3	0	1	0.0005036937541974479	0.0005	0.0000121875
CCAG-TCTG	5	0	1	0.0008394895903290799	0.0005	0.0000140625
CCAT-ACCA	4	0	1	0.000671591672263264	0.0005	0.000025
CCAT-CAAC	2	0	1	0.000335795836131632	0.0005	0.00002125
CCAT-CGTT	3	0	1	0.0005036937541974479	0.0005	0.000022499999999999998
CCAT-GCTA	3	0	1	0.0005036937541974479	0.0005	0.000022499999999999998
CCAT-GTCC	4	0	1	0.000671591672263264	0.0005	0.000017500000000000002
CCAT-TAGC	6	0	1	0.0010073875083948958	0.0005	0.00002125
CCCA-AGCG	2	0	1	0.000335795836131632	0.0005	0.0000135
CCCA-ATCT	1	0	1	0.000167897918065816	0.0005	0.000015
CCCA-ATTT	3	0	1	0.0005036937541974479	0.0005	0.000016499999999999998
CCCA-CAGG	3	0	1	0.0005036937541974479	0.0005	0.000012750000000000002
CCCA-GATT	2	0	1	0.000335795836131632	0.0005	0.0000135
CCCA-GCCT	2	0	1	0.000335795836131632	0.0005	0.000011249999999999999
CCCA-TGCT	3	0	1	0.0005036937541974479	0.0005	0.000015
CCCA-TGTC	11	0	1	0.0018468770987239758	0.0005	0.000010500000000000001
CCCA-TTGA	3	0	1	0.0005036937541974479	0.0005	0.000011249999999999999
CCCC-AAAT	2	0	1	0.000335795836131632	0.0005	0.000013125
CCCC-AAGG	3	0	1	0.0005036937541974479	0.0005	0.0000196875
CCCC-ACAA	1	0	1	0.000167897918065816	0.0005	0.00001575
CCCC-AGTT	3	0	1	0.0005036937541974479	0.0005	0.0000249375
CCCC-ATTT	2	0	1	0.000335795836131632	0.0005	0.000028875
CCCC-CACC	3	0	1	0.0005036937541974479	0.0005	0.000022312500000000004
CCCC-CTAC	2	0	1	0.000335795836131632	0.0005	0.000027562500000000002
CCCC-GCGC	3	0	1	0.0005036937541974479	0.0005	0.000023624999999999998
CCCC-GGGG	2	0	1	0.000335795836131632	0.0005	0.000021000000000000002
CCCC-TGCA	3	0	1	0.0005036937541974479	0.0005	0.000022312500000000004
CCCC-TGTT	2	0	1	0.000335795836131632	0.0005	0.0000196875
CCCG-AACG	1	0	1	0.000167897918065816	0.0005	0.0000056249999999999995
CCCG-CACA	1	0	1	0.000167897918065816	0.0005	0.000008750000000000001
CCCG-CCCG	1	0	1	0.000167897918065816	0.0005	0.00000625
CCCG-CTAT	4	0	1	0.000671591672263264	0.0005	0.000013125
CCCG-CTTG	2	0	1	0.000335795836131632	0.0005	0.000011249999999999999
CCCG-TTTT	1	0	1	0.000167897918065816	0.0005	0.00001
CCCT-AATG	1	0	1	0.000167897918065816	0.0005	0.000012
CCCT-CCAG	3	0	1	0.0005036937541974479	0.0005	0.000015
CCCT-CTCG	3	0	1	0.0005036937541974479	0.0005	0.000014
CCCT-CTCT	1	0	1	0.000167897918065816	0.0005	0.000016
CCCT-TCCA	3	0	1	0.0005036937541974479	0.0005	0.000018
CCCT-TGGG	3	0	1	0.0005036937541974479	0.0005	0.000016
CCGA-AAAG	1	0	1	0.000167897918065816	0.0005	0.000023
CCGA-CACA	2	0	1	0.000335795836131632	0.0005	0.000014
CCGA-CGCC	3	0	1	0.0005036937541974479	0.0005	0.000021000000000000002
CCGA-GAGC	3	0	1	0.0005036937541974479	0.0005	0.000015
CCGA-TCCG	3	0	1	0.0005036937541974479	0.0005	0.000017000000000000003
CCGA-TTGC	5	0	1	0.0008394895903290799	0.0005	0.000024
CCGC-AAAG	1	0	1	0.000167897918065816	0.0005	0.00001725
CCGC-AGAG	3	0	1	0.0005036937541974479	0.0005	0.000010500000000000001
CCGC-ATTT	3	0	1	0.0005036937541974479	0.0005	0.000016499999999999998
CCGC-CTAA	1	0	1	0.000167897918065816	0.0005	0.00001425
CCGC-GCGG	3	0	1	0.0005036937541974479	0.0005	0.00001575
CCGC-GTGC	2	0	1	0.000335795836131632	0.0005	0.00001575
CCGG-CGTA	2	0	1	0.000335795836131632	0.0005	0.000008249999999999999
CCGG-CTGA	5	0	1	0.0008394895903290799	0.0005	0.000012750000000000002
CCGG-GAGA	3	0	1	0.0005036937541974479	0.0005	0.000011249999999999999
CCGG-GATG	1	0	1	0.000167897918065816	0.0005	0.000018750000000000002
CCGG-GTGA	3	0	1	0.0005036937541974479	0.0005	0.000012750000000000002
CCGG-GTGG	2	0	1	0.000335795836131632	0.0005	0.000016499999999999998
CCGG-TGGT	5	0	1	0.0008394895903290799	0.0005	0.000012750000000000002
CCGT-AAAA	7	0	1	0.0011752854264607119	0.0005	0.000018375000000000003
CCGT-AGAG	2	0	1	0.000335795836131632	0.0005	0.000012250000000000001
CCGT-ATCC	3	0	1	0.0005036937541974479	0.0005	0.000011375
CCGT-ATGA	2	0	1	0.000335795836131632	0.0005	0.00001575
CCGT-CATT	3	0	1	0.0005036937541974479	0.0005	0.000014875
CCGT-CCCC	3	0	1	0.0005036937541974479	0.0005	0.000018375000000000003
CCGT-GATC	4	0	1	0.000671591672263264	0.0005	0.000009625
CCGT-GCTC	1	0	1	0.000167897918065816	0.0005	0.000014
CCGT-GCTG	1	0	1	0.000167897918065816	0.0005	0.000012250000000000001
CCGT-GTGG	3	0	1	0.0005036937541974479	0.0005	0.00001925
CCTA-AAAG	1	0	1	0.000167897918065816	0.0005	0.000025875
CCTA-CCAG	3	0	1	0.0005036937541974479	0.0005	0.000016874999999999997
CCTA-CCTA	2	0	1	0.000335795836131632	0.0005	0.000020249999999999998
CCTA-GAAC	3	0	1	0.0005036937541974479	0.0005	0.000011249999999999999
CCTA-GCAA	1	0	1	0.000167897918065816	0.0005	0.000010124999999999999
CCTA-GCAC	3	0	1	0.0005036937541974479	0.0005	0.000020249999999999998
CCTA-GCCT	1	0	1	0.000167897918065816	0.0005	0.000016874999999999997
CCTA-GTGG	3	0	1	0.0005036937541974479	0.0005	0.000024749999999999995
CCTA-TCAA	5	0	1	0.0008394895903290799	0.0005	0.000023624999999999998
CCTA-TGAA	6	0	1	0.0010073875083948958	0.0005	0.000019125
CCTA-TTGT	4	0	1	0.000671591672263264	0.0005	0.000021374999999999998
CCTC-AATT	3	0	1	0.0005036937541974479	0.0005	0.00001575
CCTC-ATGA	6	0	1	0.0010073875083948958	0.0005	0.00001575
CCTC-CAGG	4	0	1	0.000671591672263264	0.0005	0.000014875
CCTC-CTTG	3	0	1	0.0005036937541974479	0.0005	0.00001575
CCTC-GAGC	1	0	1	0.000167897918065816	0.0005	0.000013125
CCTC-GCGG	3	0	1	0.0005036937541974479	0.0005	0.000018375000000000003
CCTC-TTAC	3	0	1	0.0005036937541974479	0.0005	0.000010500000000000001
CCTG-AAGC	2	0	1	0.000335795836131632	0.0005	0.000018
CCTG-ACGC	3	0	1	0.0005036937541974479	0.0005	0.000018
CCTG-ATAC	2	0	1	0.000335795836131632	0.0005	0.00001425
CCTG-CGAG	2	0	1	0.000335795836131632	0.0005	0.000010500000000000001
CCTG-GCGA	1	0	1	0.000167897918065816	0.0005	0.0000135
CCTG-GGCA	2	0	1	0.000335795836131632	0.0005	0.000009
CCTG-TTTA	4	0	1	0.000671591672263264	0.0005	0.000012750000000000002
CCTT-AGTC	3	0	1	0.0005036937541974479	0.0005	0.000009
CCTT-CACA	1	0	1	0.000167897918065816	0.0005	0.000007875
CCTT-GAGA	2	0	1	0.000335795836131632	0.0005	0.000008437499999999998
CCTT-GTGA	4	0	1	0.000671591672263264	0.0005	0.0000095625
CCTT-TTCC	3	0	1	0.0005036937541974479	0.0005	0.000010687499999999999
CCTT-TTTC	5	0	1	0.0008394895903290799	0.0005	0.000007875
CGAA-AGTT	5	0	1	0.0008394895903290799	0.0005	0.0000154375
CGAA-ATAT	2	0	1	0.000335795836131632	0.0005	0.0000170625
CGAA-ATGA	2	0	1	0.000335795836131632	0.0005	0.000014624999999999998
CGAA-CACG	2	0	1	0.000335795836131632	0.0005	0.000011375
CGAC-ACCA	9	0	1	0.0015110812625923438	0.0005	0.00002
CGAC-ACCG	3	0	1	0.0005036937541974479	0.0005	0.000021000000000000002
CGAC-AGCA	2	0	1	0.000335795836131632	0.0005	0.000014
CGAC-AGGG	4	0	1	0.000671591672263264	0.0005	0.000015
CGAC-ATAA	2	0	1	0.000335795836131632	0.0005	0.000013
CGAC-GCAT	3	0	1	0.0005036937541974479	0.0005	0.000021000000000000002
CGAC-GCCT	4	0	1	0.000671591672263264	0.0005	0.000015
CGAC-TCCC	1	0	1	0.000167897918065816	0.0005	0.000018
CGAC-TCGC	2	0	1	0.000335795836131632	0.0005	0.000014
CGAC-TTCT	2	0	1	0.000335795836131632	0.0005	0.000017000000000000003
CGAG-AGTT	4	0	1	0.000671591672263264	0.0005	0.000016625
CGAG-ATTC	5	0	1	0.0008394895903290799	0.0005	0.000012250000000000001
CGAG-GCAT	2	0	1	0.000335795836131632	0.0005	0.000018375000000000003
CGAG-TGAA	5	0	1	0.0008394895903290799	0.0005	0.000014875
CGAG-TGAG	4	0	1	0.000671591672263264	0.0005	0.000017500000000000002
CGAT-AGAG	3	0	1	0.0005036937541974479	0.0005	0.000014
CGAT-CAAC	1	0	1	0.000167897918065816	0.0005	0.000017000000000000003
CGAT-CTTA	1	0	1	0.000167897918065816	0.0005	0.000014
CGAT-GCAT	3	0	1	0.0005036937541974479	0.0005	0.000021000000000000002
CGAT-GGAG	2	0	1	0.000335795836131632	0.0005	0.000018
CGAT-TAGC	1	0	1	0.000167897918065816	0.0005	0.000017000000000000003
CGAT-TCTT	1	0	1	0.000167897918065816	0.0005	0.000012
CGAT-TGAG	3	0	1	0.0005036937541974479	0.0005	0.00002
CGCA-GCAT	8	0	1	0.001343183344526528	0.0005	0.0000170625
CGCA-GCCG	5	0	1	0.0008394895903290799	0.0005	0.000011375
CGCA-GCTG	4	0	1	0.000671591672263264	0.0005	0.000011375
CGCC-AGAT	2	0	1	0.000335795836131632	0.0005	0.0000196875
CGCC-CAGA	5	0	1	0.0008394895903290799	0.0005	0.0000170625
CGCC-CGCT	4	0	1	0.000671591672263264	0.0005	0.00002625
CGCC-CTAG	2	0	1	0.000335795836131632	0.0005	0.000021000000000000002
CGCC-GAAC	3	0	1	0.0005036937541974479	0.0005	0.000013125
CGCC-GCGA	7	0	1	0.0011752854264607119	0.0005	0.000023624999999999998
CGCC-TAGA	4	0	1	0.000671591672263264	0.0005	0.00002625
CGCC-TCTC	2	0	1	0.000335795836131632	0.0005	0.000022312500000000004
CGCC-TTAT	1	0	1	0.000167897918065816	0.0005	0.000027562500000000002
CGCG-CAAT	1	0	1	0.000167897918065816	0.0005	0.000017000000000000003
CGCG-CAGC	1	0	1	0.000167897918065816	0.0005	0.000018
CGCG-CCCC	1	0	1	0.000167897918065816	0.0005	0.000021000000000000002
CGCG-CTGT	6	0	1	0.0010073875083948958	0.0005	0.000012
CGCG-GACA	12	0	1	0.0020147750167897917	0.0005	0.00002
CGCG-GCAG	4	0	1	0.000671591672263264	0.0005	0.000021000000000000002
CGCG-GCGA	5	0	1	0.0008394895903290799	0.0005	0.000018
CGCG-GGGG	1	0	1	0.000167897918065816	0.0005	0.000016
CGCG-TTCT	2	0	1	0.000335795836131632	0.0005	0.000017000000000000003
CGCT-AACA	7	0	1	0.0011752854264607119	0.0005	0.00001875
CGCT-ACAC	2	0	1	0.000335795836131632	0.0005	0.000013749999999999999
CGCT-ATAC	4	0	1	0.000671591672263264	0.0005	0.00002375
CGCT-CCAC	3	0	1	0.0005036937541974479	0.0005	0.000022499999999999998
CGCT-CTGT	1	0	1	0.000167897918065816	0.0005	0.000015
CGCT-GAGA	3	0	1	0.0005036937541974479	0.0005	0.00001875
CGCT-GAGG	1	0	1	0.000167897918065816	0.0005	0.00003125
CGCT-TGCG	2	0	1	0.000335795836131632	0.0005	0.000025
CGCT-TGGT	3	0	1	0.0005036937541974479	0.0005	0.00002125
CGCT-TTGG	1	0	1	0.000167897918065816	0.0005	0.00001875
CGGA-CAAG	3	0	1	0.0005036937541974479	0.0005	0.000014
CGGA-CGGA	4	0	1	0.000671591672263264	0.0005	0.000016
CGGA-CTGG	2	0	1	0.000335795836131632	0.0005	0.000012
CGGA-GCCT	3	0	1	0.0005036937541974479	0.0005	0.000015
CGGA-GTGA	4	0	1	0.000671591672263264	0.0005	0.000017000000000000003
CGGA-TACA	2	0	1	0.000335795836131632	0.0005	0.000012
CGGA-TACT	3	0	1	0.0005036937541974479	0.0005	0.000019
CGGA-TATC	2	0	1	0.000335795836131632	0.0005	0.000014
CGGA-TCAA	2	0	1	0.000335795836131632	0.0005	0.000021000000000000002
CGGA-TTTG	3	0	1	0.0005036937541974479	0.0005	0.000015
CGGC-ACGC	2	0	1	0.000335795836131632	0.0005	0.000022499999999999998
CGGC-CAGG	2	0	1	0.000335795836131632	0.0005	0.0000159375
CGGC-CATT	9	0	1	0.0015110812625923438	0.0005	0.0000159375
CGGC-GAAC	5	0	1	0.0008394895903290799	0.0005	0.000009375
CGGC-GATA	3	0	1	0.0005036937541974479	0.0005	0.0000178125
CGGC-GCCT	3	0	1	0.0005036937541974479	0.0005	0.0000140625
CGGC-GTGT	6	0	1	0.0010073875083948958	0.0005	0.0000140625
CGGC-TAAC	2	0	1	0.000335795836131632	0.0005	0.000016874999999999997
CGGC-TACT	2	0	1	0.000335795836131632	0.0005	0.0000178125
CGGC-TGCC	3	0	1	0.0005036937541974479	0.0005	0.000013125
CGGG-ACAG	2	0	1	0.000335795836131632	0.0005	0.000012250000000000001
CGGG-CAGG	6	0	1	0.0010073875083948958	0.0005	0.000014875
CGGG-CCAT	2	0	1	0.000335795836131632	0.0005	0.000017500000000000002
CGGG-CTGA	2	0	1	0.000335795836131632	0.0005	0.000014875
CGGG-GCAA	5	0	1	0.0008394895903290799	0.0005	0.000007875
CGGG-GCCC	2	0	1	0.000335795836131632	0.0005	0.000013125
CGGG-TACA	2	0	1	0.000335795836131632	0.0005	0.000010500000000000001
CGGG-TCCA	2	0	1	0.000335795836131632	0.0005	0.00001575
CGGT-AAAA	2	0	1	0.000335795836131632	0.0005	0.000021000000000000002
CGGT-ACCT	3	0	1	0.0005036937541974479	0.0005	0.000017000000000000003
CGGT-ACGT	3	0	1	0.0005036937541974479	0.0005	0.000012
CGGT-ATGG	1	0	1	0.000167897918065816	0.0005	0.000016
CGGT-CCCG	5	0	1	0.0008394895903290799	0.0005	0.00001
CGGT-CTGT	4	0	1	0.000671591672263264	0.0005	0.000012
CGGT-GAAA	6	0	1	0.0010073875083948958	0.0005	0.000011
CGGT-TCGT	1	0	1	0.000167897918065816	0.0005	0.000016
CGGT-TGTT	3	0	1	0.0005036937541974479	0.0005	0.000015
CGGT-TTCA	2	0	1	0.000335795836131632	0.0005	0.000018
CGTA-AAGA	1	0	1	0.000167897918065816	0.0005	0.000009625
CGTA-ATTA	1	0	1	0.000167897918065816	0.0005	0.000009625
CGTA-CACT	1	0	1	0.000167897918065816	0.0005	0.000011
CGTA-GAGC	3	0	1	0.0005036937541974479	0.0005	0.000010312499999999998
CGTA-GTAG	3	0	1	0.0005036937541974479	0.0005	0.000009625
CGTC-ACAG	5	0	1	0.0008394895903290799	0.0005	0.000010500000000000001
CGTC-AGAA	2	0	1	0.000335795836131632	0.0005	0.000010500000000000001
CGTC-ATAC	2	0	1	0.000335795836131632	0.0005	0.00001425
CGTC-CCAT	3	0	1	0.0005036937541974479	0.0005	0.000015
CGTC-CTAT	5	0	1	0.0008394895903290799	0.0005	0.00001575
CGTC-GACC	2	0	1	0.000335795836131632	0.0005	0.00000975
CGTG-AGCT	1	0	1	0.000167897918065816	0.0005	0.000012
CGTG-ATGA	1	0	1	0.000167897918065816	0.0005	0.0000135
CGTG-CCCT	3	0	1	0.0005036937541974479	0.0005	0.000012
CGTG-CTAG	2	0	1	0.000335795836131632	0.0005	0.000012
CGTG-GCCC	3	0	1	0.0005036937541974479	0.0005	0.000011249999999999999
CGTG-TGTT	2	0	1	0.000335795836131632	0.0005	0.000011249999999999999
CGTT-AAAG	3	0	1	0.0005036937541974479	0.0005	0.000025875
CGTT-ACAT	5	0	1	0.0008394895903290799	0.0005	0.00001575
CGTT-ATAG	3	0	1	0.0005036937541974479	0.0005	0.000014624999999999998
CGTT-CATG	1	0	1	0.000167897918065816	0.0005	0.000009
CGTT-CTAT	2	0	1	0.000335795836131632	0.0005	0.000023624999999999998
CGTT-CTTG	2	0	1	0.000335795836131632	0.0005	0.000020249999999999998
CGTT-GCTA	3	0	1	0.0005036937541974479	0.0005	0.000020249999999999998
CGTT-GCTT	2	0	1	0.000335795836131632	0.0005	0.000009
CGTT-TAAT	1	0	1	0.000167897918065816	0.0005	0.0000135
CTAA-AAAA	3	0	1	0.0005036937541974479	0.0005	0.0000249375
CTAA-AAAG	6	0	1	0.0010073875083948958	0.0005	0.0000273125
CTAA-ACCA	3	0	1	0.0005036937541974479	0.0005	0.00002375
CTAA-AGCG	1	0	1	0.000167897918065816	0.0005	0.000021374999999999998
CTAA-AGGA	1	0	1	0.000167897918065816	0.0005	0.000019
CTAA-CTTG	1	0	1	0.000167897918065816	0.0005	0.000021374999999999998
CTAA-GCCA	3	0	1	0.0005036937541974479	0.0005	0.0000285
CTAA-GGGT	4	0	1	0.000671591672263264	0.0005	0.00002375
CTAA-GTCT	1	0	1	0.000167897918065816	0.0005	0.00001425
CTAA-TTCC	1	0	1	0.000167897918065816	0.0005	0.0000225625
CTAC-AAGC	1	0	1	0.000167897918065816	0.0005	0.0000315
CTAC-ATGG	2	0	1	0.000335795836131632	0.0005	0.000021000000000000002
CTAC-CGTA	8	0	1	0.001343183344526528	0.0005	0.0000144375
CTAC-GAAT	3	0	1	0.0005036937541974479	0.0005	0.000023624999999999998
CTAC-GATC	1	0	1	0.000167897918065816	0.0005	0.0000144375
CTAC-GCAT	4	0	1	0.000671591672263264	0.0005	0.000027562500000000002
CTAC-GCCA	1	0	1	0.000167897918065816	0.0005	0.0000315
CTAG-AATC	2	0	1	0.000335795836131632	0.0005	0.000018
CTAG-AGGA	3	0	1	0.0005036937541974479	0.0005	0.000016
CTAG-AGGG	2	0	1	0.000335795836131632	0.0005	0.000015
CTAG-ATGT	3	0	1	0.0005036937541974479	0.0005	0.000024
CTAG-CCCC	2	0	1	0.000335795836131632	0.0005	0.000021000000000000002
CTAG-CGAC	2	0	1	0.000335795836131632	0.0005	0.000016
CTAG-CTAT	2	0	1	0.000335795836131632	0.0005	0.000021000000000000002
CTAG-TCTT	3	0	1	0.0005036937541974479	0.0005	0.000012
CTAG-TGAA	5	0	1	0.0008394895903290799	0.0005	0.000017000000000000003
CTAG-TTGA	2	0	1	0.000335795836131632	0.0005	0.000015
CTAG-TTTC	2	0	1	0.000335795836131632	0.0005	0.000014
CTAT-ATTC	2	0	1	0.000335795836131632	0.0005	0.000018375000000000003
CTAT-CGCC	7	0	1	0.0011752854264607119	0.0005	0.000027562500000000002
CTAT-CTAT	2	0	1	0.000335795836131632	0.0005	0.000027562500000000002
CTAT-GAAT	6	0	1	0.0010073875083948958	0.0005	0.000023624999999999998
CTAT-GGTG	3	0	1	0.0005036937541974479	0.0005	0.000021000000000000002
CTAT-GTGT	3	0	1	0.0005036937541974479	0.0005	0.0000196875
CTAT-TAAA	3	0	1	0.0005036937541974479	0.0005	0.000023624999999999998
CTAT-TTCT	3	0	1	0.0005036937541974479	0.0005	0.000022312500000000004
CTCA-AATC	2	0	1	0.000335795836131632	0.0005	0.000018
CTCA-AGAC	1	0	1	0.000167897918065816	0.0005	0.000014
CTCA-AGAG	2	0	1	0.000335795836131632	0.0005	0.000014
CTCA-ATAC	2	0	1	0.000335795836131632	0.0005	0.000019
CTCA-GACT	1	0	1	0.000167897918065816	0.0005	0.000014
CTCA-GCAA	2	0	1	0.000335795836131632	0.0005	0.000009
CTCA-GCGA	2	0	1	0.000335795836131632	0.0005	0.000018
CTCA-GGTA	5	0	1	0.0008394895903290799	0.0005	0.000016
CTCA-TATA	1	0	1	0.000167897918065816	0.0005	0.000019
CTCA-TCCG	2	0	1	0.000335795836131632	0.0005	0.000017000000000000003
CTCC-AGTC	2	0	1	0.000335795836131632	0.0005	0.000015
CTCC-ATTC	4	0	1	0.000671591672263264	0.0005	0.000013125
CTCC-CAGC	1	0	1	0.000167897918065816	0.0005	0.000016874999999999997
CTCC-GCGG	4	0	1	0.000671591672263264	0.0005	0.0000196875
CTCC-GGGA	1	0	1	0.000167897918065816	0.0005	0.0000196875
CTCG-ACGG	4	0	1	0.000671591672263264	0.0005	0.000014
CTCG-AGTG	4	0	1	0.000671591672263264	0.0005	0.000014
CTCG-ATCT	1	0	1	0.000167897918065816	0.0005	0.000017500000000000002
CTCG-CCAT	6	0	1	0.0010073875083948958	0.0005	0.000017500000000000002
CTCG-CCGT	1	0	1	0.000167897918065816	0.0005	0.000012250000000000001
CTCG-CCTT	2	0	1	0.000335795836131632	0.0005	0.000007875
CTCG-TATA	1	0	1	0.000167897918065816	0.0005	0.000016625
CTCG-TCAC	1	0	1	0.000167897918065816	0.0005	0.000012250000000000001
CTCT-AGGA	3	0	1	0.0005036937541974479	0.0005	0.000016
CTCT-CCGA	2	0	1	0.000335795836131632	0.0005	0.000016
CTCT-CTAG	1	0	1	0.000167897918065816	0.0005	0.000016
CTCT-CTCA	6	0	1	0.0010073875083948958	0.0005	0.000016
CTCT-GGTC	3	0	1	0.0005036937541974479	0.0005	0.000015
CTCT-GTTC	2	0	1	0.000335795836131632	0.0005	0.00002
CTCT-GTTG	1	0	1	0.000167897918065816	0.0005	0.000012
CTCT-TCGT	1	0	1	0.000167897918065816	0.0005	0.000016
CTGA-ACCT	4	0	1	0.000671591672263264	0.0005	0.000018062500000000002
CTGA-AGAG	1	0	1	0.000167897918065816	0.0005	0.000014875
CTGA-AGCT	2	0	1	0.000335795836131632	0.0005	0.000017000000000000003
CTGA-AGGG	6	0	1	0.0010073875083948958	0.0005	0.0000159375
CTGA-CAAA	4	0	1	0.000671591672263264	0.0005	0.0000138125
CTGA-GATA	4	0	1	0.000671591672263264	0.0005	0.0000201875
CTGA-GGGT	4	0	1	0.000671591672263264	0.0005	0.00002125
CTGA-TAAG	3	0	1	0.0005036937541974479	0.0005	0.0000138125
CTGA-TGCA	2	0	1	0.000335795836131632	0.0005	0.000018062500000000002
CTGA-TGGG	3	0	1	0.0005036937541974479	0.0005	0.000017000000000000003
CTGA-TTGC	2	0	1	0.000335795836131632	0.0005	0.000025500000000000003
CTGC-AAAC	1	0	1	0.000167897918065816	0.0005	0.000022499999999999998
CTGC-ACAG	4	0	1	0.000671591672263264	0.0005	0.000017500000000000002
CTGC-ACAT	4	0	1	0.000671591672263264	0.0005	0.000017500000000000002
CTGC-AGGT	3	0	1	0.0005036937541974479	0.0005	0.000013749999999999999
CTGC-AGTT	1	0	1	0.000167897918065816	0.0005	0.00002375
CTGC-CGCT	1	0	1	0.000167897918065816	0.0005	0.000025
CTGC-CTCC	6	0	1	0.0010073875083948958	0.0005	0.00001875
CTGC-GAGC	2	0	1	0.000335795836131632	0.0005	0.00001875
CTGC-GGGC	2	0	1	0.000335795836131632	0.0005	0.00002125
CTGC-TCAA	2	0	1	0.000335795836131632	0.0005	0.00002625
CTGC-TCAG	3	0	1	0.0005036937541974479	0.0005	0.00001875
CTGG-ACCG	1	0	1	0.000167897918065816	0.0005	0.00001575
CTGG-ATAT	2	0	1	0.000335795836131632	0.0005	0.00001575
CTGG-GACC	1	0	1	0.000167897918065816	0.0005	0.00000975
CTGG-GCTC	5	0	1	0.0008394895903290799	0.0005	0.000012
CTGG-GGTT	2	0	1	0.000335795836131632	0.0005	0.000015
CTGG-TAGA	3	0	1	0.0005036937541974479	0.0005	0.000015
CTGG-TCAT	2	0	1	0.000335795836131632	0.0005	0.0000135
CTGG-TCCC	3	0	1	0.0005036937541974479	0.0005	0.0000135
CTGT-AGGG	3	0	1	0.0005036937541974479	0.0005	0.000011249999999999999
CTGT-CAAT	1	0	1	0.000167897918065816	0.0005	0.000012750000000000002
CTGT-GATG	6	0	1	0.0010073875083948958	0.0005	0.000018750000000000002
CTGT-TAAA	1	0	1	0.000167897918065816	0.0005	0.0000135
CTGT-TGAG	1	0	1	0.000167897918065816	0.0005	0.000015
CTTA-CACT	4	0	1	0.000671591672263264	0.0005	0.000014
CTTA-TGAG	2	0	1	0.000335795836131632	0.0005	0.000017500000000000002
CTTA-TTTT	2	0	1	0.000335795836131632	0.0005	0.000014
CTTC-AACC	2	0	1	0.000335795836131632	0.0005	0.000015
CTTC-AATA	4	0	1	0.000671591672263264	0.0005	0.000012
CTTC-ATGG	1	0	1	0.000167897918065816	0.0005	0.000016
CTTC-GCAG	1	0	1	0.000167897918065816	0.0005	0.000021000000000000002
CTTC-GTAG	2	0	1	0.000335795836131632	0.0005	0.000014
CTTC-GTCC	2	0	1	0.000335795836131632	0.0005	0.000014
CTTG-AAGG	2	0	1	0.000335795836131632	0.0005	0.000016874999999999997
CTTG-CGTC	3	0	1	0.0005036937541974479	0.0005	0.0000135
CTTG-CGTG	13	0	1	0.002182672934855608	0.0005	0.0000135
CTTG-GAAA	2	0	1	0.000335795836131632	0.0005	0.000012374999999999998
CTTG-GCGG	4	0	1	0.000671591672263264	0.0005	0.000023624999999999998
CTTG-GTGT	3	0	1	0.0005036937541974479	0.0005	0.000016874999999999997
CTTG-TATC	2	0	1	0.000335795836131632	0.0005	0.00001575
CTTG-TCTA	3	0	1	0.0005036937541974479	0.0005	0.0000135
CTTG-TTCC	3	0	1	0.0005036937541974479	0.0005	0.000021374999999999998
CTTT-AAGA	3	0	1	0.0005036937541974479	0.0005	0.000007875
CTTT-AGAA	2	0	1	0.000335795836131632	0.0005	0.000007875
CTTT-CAAC	2	0	1	0.000335795836131632	0.0005	0.0000095625
CTTT-GAAT	2	0	1	0.000335795836131632	0.0005	0.000010124999999999999
CTTT-TATT	3	0	1	0.0005036937541974479	0.0005	0.000009
GAAA-ACCT	2	0	1	0.000335795836131632	0.0005	0.0000116875
GAAA-ATGG	3	0	1	0.0005036937541974479	0.0005	0.000011
GAAA-TACG	6	0	1	0.0010073875083948958	0.0005	0.000006187499999999999
GAAA-TCCC	3	0	1	0.0005036937541974479	0.0005	0.000012374999999999998
GAAA-TTTT	2	0	1	0.000335795836131632	0.0005	0.000011
GAAC-CTAA	2	0	1	0.000335795836131632	0.0005	0.000011875
GAAC-GTAA	3	0	1	0.0005036937541974479	0.0005	0.0000075
GAAC-GTGA	2	0	1	0.000335795836131632	0.0005	0.000010625
GAAC-TTGG	2	0	1	0.000335795836131632	0.0005	0.000009375
GAAG-AGAT	4	0	1	0.000671591672263264	0.0005	0.000011249999999999999
GAAG-CGAT	9	0	1	0.0015110812625923438	0.0005	0.000012
GAAG-CGCG	2	0	1	0.000335795836131632	0.0005	0.000012
GAAG-GAGA	2	0	1	0.000335795836131632	0.0005	0.000011249999999999999
GAAG-TATT	4	0	1	0.000671591672263264	0.0005	0.000012
GAAG-TCAA	1	0	1	0.000167897918065816	0.0005	0.00001575
GAAG-TCCA	1	0	1	0.000167897918065816	0.0005	0.0000135
GAAG-TGCT	2	0	1	0.000335795836131632	0.0005	0.000015
GAAT-ACAT	7	0	1	0.0011752854264607119	0.0005	0.00001575
GAAT-ACCA	5	0	1	0.0008394895903290799	0.0005	0.000022499999999999998
GAAT-AGCA	3	0	1	0.0005036937541974479	0.0005	0.00001575
GAAT-CAGG	2	0	1	0.000335795836131632	0.0005	0.000019125
GAAT-CTTA	1	0	1	0.000167897918065816	0.0005	0.00001575
GAAT-GCAC	2	0	1	0.000335795836131632	0.0005	0.000020249999999999998
GAAT-GGAC	5	0	1	0.0008394895903290799	0.0005	0.000012374999999999998
GAAT-TGAA	2	0	1	0.000335795836131632	0.0005	0.000019125
GAAT-TTCT	3	0	1	0.0005036937541974479	0.0005	0.000019125
GAAT-TTTT	1	0	1	0.000167897918065816	0.0005	0.000018
GACA-AAAG	2	0	1	0.000335795836131632	0.0005	0.00002875
GACA-ACTG	4	0	1	0.000671591672263264	0.0005	0.00001625
GACA-ATTT	2	0	1	0.000335795836131632	0.0005	0.000027499999999999998
GACA-CTGC	7	0	1	0.0011752854264607119	0.0005	0.000025
GACA-GAGT	3	0	1	0.0005036937541974479	0.0005	0.00002
GACA-GTGG	4	0	1	0.000671591672263264	0.0005	0.000027499999999999998
GACA-GTTC	5	0	1	0.0008394895903290799	0.0005	0.000025
GACC-CCAT	2	0	1	0.000335795836131632	0.0005	0.00001625
GACC-CCCT	3	0	1	0.0005036937541974479	0.0005	0.000013
GACC-GAGT	3	0	1	0.0005036937541974479	0.0005	0.000013
GACC-TTGT	10	0	1	0.0016789791806581598	0.0005	0.0000154375
GACG-ACAA	1	0	1	0.000167897918065816	0.0005	0.000015
GACG-ATTG	3	0	1	0.0005036937541974479	0.0005	0.00002
GACG-CAGG	3	0	1	0.0005036937541974479	0.0005	0.00002125
GACG-CCTA	3	0	1	0.0005036937541974479	0.0005	0.000022499999999999998
GACG-CTAC	2	0	1	0.000335795836131632	0.0005	0.00002625
GACG-CTCA	1	0	1	0.000167897918065816	0.0005	0.00002
GACG-CTCG	4	0	1	0.000671591672263264	0.0005	0.000017500000000000002
GACG-CTTT	1	0	1	0.000167897918065816	0.0005	0.000011249999999999999
GACG-GATG	3	0	1	0.0005036937541974479	0.0005	0.00003125
GACG-GCGA	5	0	1	0.0008394895903290799	0.0005	0.000022499999999999998
GACG-GGGT	1	0	1	0.000167897918065816	0.0005	0.000025
GACG-GTGA	5	0	1	0.0008394895903290799	0.0005	0.00002125
GACG-TGCT	3	0	1	0.0005036937541974479	0.0005	0.000025
GACT-CAGC	8	0	1	0.001343183344526528	0.0005	0.00001575
GACT-CCCC	2	0	1	0.000335795836131632	0.0005	0.000018375000000000003
GACT-CCTG	2	0	1	0.000335795836131632	0.0005	0.000010500000000000001
GACT-TATC	4	0	1	0.000671591672263264	0.0005	0.000012250000000000001
GACT-TGTT	2	0	1	0.000335795836131632	0.0005	0.000013125
GAGA-AATT	10	0	1	0.0016789791806581598	0.0005	0.000016874999999999997
GAGA-CAAG	2	0	1	0.000335795836131632	0.0005	0.000013125
GAGA-GCCT	3	0	1	0.0005036937541974479	0.0005	0.0000140625
GAGA-GGTG	2	0	1	0.000335795836131632	0.0005	0.000015
GAGA-TGTA	9	0	1	0.0015110812625923438	0.0005	0.000016874999999999997
GAGA-TTCT	1	0	1	0.000167897918065816	0.0005	0.0000159375
GAGC-AACA	3	0	1	0.0005036937541974479	0.0005	0.0000140625
GAGC-AGTG	3	0	1	0.0005036937541974479	0.0005	0.000015
GAGC-CAAC	2	0	1	0.000335795836131632	0.0005	0.0000159375
GAGC-CCGC	5	0	1	0.0008394895903290799	0.0005	0.000011249999999999999
GAGC-GAGG	1	0	1	0.000167897918065816	0.0005	0.0000234375
GAGC-GGAA	2	0	1	0.000335795836131632	0.0005	0.00001875
GAGC-TGAG	6	0	1	0.0010073875083948958	0.0005	0.00001875
GAGC-TTCA	4	0	1	0.000671591672263264	0.0005	0.000016874999999999997
GAGG-AACG	5	0	1	0.0008394895903290799	0.0005	0.0000140625
GAGG-AGTG	4	0	1	0.000671591672263264	0.0005	0.000025
GAGG-ATCC	4	0	1	0.000671591672263264	0.0005	0.0000203125
GAGG-ATGA	2	0	1	0.000335795836131632	0.0005	0.000028125
GAGG-CCCC	5	0	1	0.0008394895903290799	0.0005	0.000032812500000000005
GAGG-GAAG	3	0	1	0.0005036937541974479	0.0005	0.000018750000000000002
GAGG-GCAC	2	0	1	0.000335795836131632	0.0005	0.000028125
GAGG-GGCC	2	0	1	0.000335795836131632	0.0005	0.000018750000000000002
GAGG-GGGA	3	0	1	0.0005036937541974479	0.0005	0.000032812500000000005
GAGG-GGTT	1	0	1	0.000167897918065816	0.0005	0.00003125
GAGG-GTCG	3	0	1	0.0005036937541974479	0.0005	0.0000234375
GAGG-TCAT	2	0	1	0.000335795836131632	0.0005	0.000028125
GAGG-TTTC	4	0	1	0.000671591672263264	0.0005	0.000021875000000000003
GAGT-AATC	1	0	1	0.000167897918065816	0.0005	0.000018
GAGT-ACGC	4	0	1	0.000671591672263264	0.0005	0.000024
GAGT-ACGT	3	0	1	0.0005036937541974479	0.0005	0.000012
GAGT-ATCA	2	0	1	0.000335795836131632	0.0005	0.000014
GAGT-ATGA	4	0	1	0.000671591672263264	0.0005	0.000018
GAGT-CGCC	4	0	1	0.000671591672263264	0.0005	0.000021000000000000002
GAGT-GACT	2	0	1	0.000335795836131632	0.0005	0.000014
GAGT-TCAG	3	0	1	0.0005036937541974479	0.0005	0.000015
GAGT-TGAC	3	0	1	0.0005036937541974479	0.0005	0.000017000000000000003
GATA-AAAC	9	0	1	0.0015110812625923438	0.0005	0.000021374999999999998
GATA-AGGA	1	0	1	0.000167897918065816	0.0005	0.000019
GATA-ATAA	2	0	1	0.000335795836131632	0.0005	0.0000154375
GATA-ATTT	1	0	1	0.000167897918065816	0.0005	0.000026124999999999998
GATA-CCTC	6	0	1	0.0010073875083948958	0.0005	0.000016625
GATA-CTAC	3	0	1	0.0005036937541974479	0.0005	0.0000249375
GATA-CTTC	3	0	1	0.0005036937541974479	0.0005	0.000019
GATA-GGCG	17	0	1	0.0028542646071188717	0.0005	0.000013062499999999999
GATA-TAAT	5	0	1	0.0008394895903290799	0.0005	0.00001425
GATA-TCGA	3	0	1	0.0005036937541974479	0.0005	0.000016625
GATA-TGGT	1	0	1	0.000167897918065816	0.0005	0.0000201875
GATC-AGCA	2	0	1	0.000335795836131632	0.0005	0.000009625
GATC-ATTA	4	0	1	0.000671591672263264	0.0005	0.000009625
GATC-GCGC	2	0	1	0.000335795836131632	0.0005	0.000012374999999999998
GATG-AAAC	4	0	1	0.000671591672263264	0.0005	0.000028125
GATG-AAGC	3	0	1	0.0005036937541974479	0.0005	0.000037500000000000003
GATG-AGTA	2	0	1	0.000335795836131632	0.0005	0.0000234375
GATG-ATTA	1	0	1	0.000167897918065816	0.0005	0.000021875000000000003
GATG-CAGA	1	0	1	0.000167897918065816	0.0005	0.0000203125
GATG-CCAA	3	0	1	0.0005036937541974479	0.0005	0.0000171875
GATG-GCAT	20	0	1	0.0033579583613163196	0.0005	0.000032812500000000005
GATG-GCTA	1	0	1	0.000167897918065816	0.0005	0.000028125
GATG-GTAA	5	0	1	0.0008394895903290799	0.0005	0.000018750000000000002
GATG-GTTC	1	0	1	0.000167897918065816	0.0005	0.00003125
GATG-TCAA	2	0	1	0.000335795836131632	0.0005	0.000032812500000000005
GATG-TCAT	2	0	1	0.000335795836131632	0.0005	0.000028125
GATG-TCGG	2	0	1	0.000335795836131632	0.0005	0.000015625
GATG-TGGT	4	0	1	0.000671591672263264	0.0005	0.000026562500000000002
GATT-CACT	3	0	1	0.0005036937541974479	0.0005	0.000018
GATT-CGAT	1	0	1	0.000167897918065816	0.0005	0.000018
GATT-CGGT	2	0	1	0.000335795836131632	0.0005	0.000018
GATT-GGCC	4	0	1	0.000671591672263264	0.0005	0.0000135
GATT-TAGA	8	0	1	0.001343183344526528	0.0005	0.000022499999999999998
GATT-TGAG	2	0	1	0.000335795836131632	0.0005	0.000022499999999999998
GATT-TGGC	5	0	1	0.0008394895903290799	0.0005	0.000016874999999999997
GCAA-ATAA	5	0	1	0.0008394895903290799	0.0005	0.000007312499999999999
GCAA-CCTA	2	0	1	0.000335795836131632	0.0005	0.000010124999999999999
GCAA-GACA	2	0	1	0.000335795836131632	0.0005	0.000011249999999999999
GCAA-GGGC	1	0	1	0.000167897918065816	0.0005	0.0000095625
GCAA-GTTA	3	0	1	0.0005036937541974479	0.0005	0.000007312499999999999
GCAC-AGCG	3	0	1	0.0005036937541974479	0.0005	0.000020249999999999998
GCAC-ATGT	2	0	1	0.000335795836131632	0.0005	0.000027
GCAC-ATTG	3	0	1	0.0005036937541974479	0.0005	0.000018
GCAC-GCGA	2	0	1	0.000335795836131632	0.0005	0.000020249999999999998
GCAC-GTTC	3	0	1	0.0005036937541974479	0.0005	0.000022499999999999998
GCAC-TCGA	3	0	1	0.0005036937541974479	0.0005	0.00001575
GCAC-TGCT	1	0	1	0.000167897918065816	0.0005	0.000022499999999999998
GCAC-TTCC	3	0	1	0.0005036937541974479	0.0005	0.000021374999999999998
GCAG-AATG	1	0	1	0.000167897918065816	0.0005	0.00001575
GCAG-CAAG	3	0	1	0.0005036937541974479	0.0005	0.000018375000000000003
GCAG-CCGA	4	0	1	0.000671591672263264	0.0005	0.000021000000000000002
GCAG-CGCG	2	0	1	0.000335795836131632	0.0005	0.000021000000000000002
GCAG-GGAG	3	0	1	0.0005036937541974479	0.0005	0.000023624999999999998
GCAG-GTTT	2	0	1	0.000335795836131632	0.0005	0.000022312500000000004
GCAG-TATG	1	0	1	0.000167897918065816	0.0005	0.000022312500000000004
GCAG-TCGA	4	0	1	0.000671591672263264	0.0005	0.000018375000000000003
GCAT-AAGG	4	0	1	0.000671591672263264	0.0005	0.0000196875
GCAT-AGTT	3	0	1	0.0005036937541974479	0.0005	0.0000249375
GCAT-CAGA	4	0	1	0.000671591672263264	0.0005	0.0000170625
GCAT-CGGA	2	0	1	0.000335795836131632	0.0005	0.000021000000000000002
GCAT-GCAT	2	0	1	0.000335795836131632	0.0005	0.000027562500000000002
GCAT-GGTG	2	0	1	0.000335795836131632	0.0005	0.000021000000000000002
GCAT-GTAC	3	0	1	0.0005036937541974479	0.0005	0.000021000000000000002
GCAT-GTAT	2	0	1	0.000335795836131632	0.0005	0.0000196875
GCAT-TAGA	2	0	1	0.000335795836131632	0.0005	0.00002625
GCAT-TATA	3	0	1	0.0005036937541974479	0.0005	0.0000249375
GCAT-TCCG	5	0	1	0.0008394895903290799	0.0005	0.000022312500000000004
GCCA-AAAT	2	0	1	0.000335795836131632	0.0005	0.000015
GCCA-AATG	8	0	1	0.001343183344526528	0.0005	0.000018
GCCA-ACTG	3	0	1	0.0005036937541974479	0.0005	0.0000195
GCCA-CAAG	4	0	1	0.000671591672263264	0.0005	0.000021000000000000002
GCCA-CAAT	1	0	1	0.000167897918065816	0.0005	0.000025500000000000003
GCCA-CCAA	2	0	1	0.000335795836131632	0.0005	0.000016499999999999998
GCCA-CCTT	1	0	1	0.000167897918065816	0.0005	0.0000135
GCCA-CGAA	2	0	1	0.000335795836131632	0.0005	0.0000195
GCCA-CGGA	3	0	1	0.0005036937541974479	0.0005	0.000024
GCCA-GAGT	6	0	1	0.0010073875083948958	0.0005	0.000024
GCCA-TAAA	1	0	1	0.000167897918065816	0.0005	0.000027
GCCA-TCTC	5	0	1	0.0008394895903290799	0.0005	0.000025500000000000003
GCCC-ATGC	1	0	1	0.000167897918065816	0.0005	0.0000159375
GCCC-CAAG	4	0	1	0.000671591672263264	0.0005	0.000013125
GCCC-CCAT	1	0	1	0.000167897918065816	0.0005	0.00001875
GCCC-CGGG	4	0	1	0.000671591672263264	0.0005	0.000013125
GCCC-CGTT	2	0	1	0.000335795836131632	0.0005	0.000016874999999999997
GCCC-CTAC	1	0	1	0.000167897918065816	0.0005	0.0000196875
GCCC-GAAT	1	0	1	0.000167897918065816	0.0005	0.000016874999999999997
GCCC-GTGA	7	0	1	0.0011752854264607119	0.0005	0.0000159375
GCCC-TAAT	1	0	1	0.000167897918065816	0.0005	0.000011249999999999999
GCCC-TACT	1	0	1	0.000167897918065816	0.0005	0.0000178125
GCCC-TTTA	2	0	1	0.000335795836131632	0.0005	0.0000159375
GCCG-ACGT	3	0	1	0.0005036937541974479	0.0005	0.000010500000000000001
GCCG-AGGC	2	0	1	0.000335795836131632	0.0005	0.000009625
GCCG-ATCC	2	0	1	0.000335795836131632	0.0005	0.000011375
GCCG-ATGT	1	0	1	0.000167897918065816	0.0005	0.000021000000000000002
GCCG-CACG	3	0	1	0.0005036937541974479	0.0005	0.000012250000000000001
GCCG-CATT	2	0	1	0.000335795836131632	0.0005	0.000014875
GCCG-GACC	5	0	1	0.0008394895903290799	0.0005	0.000011375
GCCG-GGTC	3	0	1	0.0005036937541974479	0.0005	0.000013125
GCCG-TTCA	1	0	1	0.000167897918065816	0.0005	0.00001575
GCCT-AAGG	2	0	1	0.000335795836131632	0.0005	0.0000140625
GCCT-AGAC	3	0	1	0.0005036937541974479	0.0005	0.000013125
GCCT-AGTC	3	0	1	0.0005036937541974479	0.0005	0.000015
GCCT-GCTG	3	0	1	0.0005036937541974479	0.0005	0.000013125
GCCT-TTAT	4	0	1	0.000671591672263264	0.0005	0.0000196875
GCGA-ACGA	1	0	1	0.000167897918065816	0.0005	0.00001575
GCGA-AGGG	2	0	1	0.000335795836131632	0.0005	0.000016874999999999997
GCGA-AGTC	2	0	1	0.000335795836131632	0.0005	0.000018
GCGA-CTAC	4	0	1	0.000671591672263264	0.0005	0.000023624999999999998
GCGA-GAGC	1	0	1	0.000167897918065816	0.0005	0.000016874999999999997
GCGA-GGTC	1	0	1	0.000167897918065816	0.0005	0.000016874999999999997
GCGA-GTCC	2	0	1	0.000335795836131632	0.0005	0.00001575
GCGC-AAGT	5	0	1	0.0008394895903290799	0.0005	0.0000135
GCGC-ACCT	2	0	1	0.000335795836131632	0.0005	0.000019125
GCGC-ATTA	2	0	1	0.000335795836131632	0.0005	0.00001575
GCGC-CAAT	4	0	1	0.000671591672263264	0.0005	0.000019125
GCGC-GCTA	4	0	1	0.000671591672263264	0.0005	0.000020249999999999998
GCGC-GGAT	2	0	1	0.000335795836131632	0.0005	0.0000135
GCGC-TGCG	2	0	1	0.000335795836131632	0.0005	0.000022499999999999998
GCGG-AAAA	4	0	1	0.000671591672263264	0.0005	0.000027562500000000002
GCGG-ACAG	3	0	1	0.0005036937541974479	0.0005	0.000018375000000000003
GCGG-ACCG	14	0	1	0.0023505708529214238	0.0005	0.000027562500000000002
GCGG-AGGG	1	0	1	0.000167897918065816	0.0005	0.0000196875
GCGG-CGCT	1	0	1	0.000167897918065816	0.0005	0.00002625
GCGG-CGGG	4	0	1	0.000671591672263264	0.0005	0.000018375000000000003
GCGG-GTAT	4	0	1	0.000671591672263264	0.0005	0.0000196875
GCGG-TCAT	2	0	1	0.000335795836131632	0.0005	0.000023624999999999998
GCGT-ACCT	2	0	1	0.000335795836131632	0.0005	0.000014875
GCGT-ACTA	2	0	1	0.000335795836131632	0.0005	0.000013125
GCGT-ATTG	4	0	1	0.000671591672263264	0.0005	0.000014
GCGT-CGTG	4	0	1	0.000671591672263264	0.0005	0.000010500000000000001
GCGT-CTAT	2	0	1	0.000335795836131632	0.0005	0.000018375000000000003
GCGT-GAAC	1	0	1	0.000167897918065816	0.0005	0.000008750000000000001
GCGT-GACG	3	0	1	0.0005036937541974479	0.0005	0.000017500000000000002
GCGT-GGAC	4	0	1	0.000671591672263264	0.0005	0.000009625
GCGT-GGTG	7	0	1	0.0011752854264607119	0.0005	0.000014
GCTA-AGTC	1	0	1	0.000167897918065816	0.0005	0.000018
GCTA-CGCC	2	0	1	0.000335795836131632	0.0005	0.000023624999999999998
GCTA-GACG	2	0	1	0.000335795836131632	0.0005	0.000022499999999999998
GCTA-GAGG	4	0	1	0.000671591672263264	0.0005	0.000028125
GCTA-GCTT	2	0	1	0.000335795836131632	0.0005	0.000009
GCTA-TGAA	3	0	1	0.0005036937541974479	0.0005	0.000019125
GCTC-CAAA	2	0	1	0.000335795836131632	0.0005	0.000013
GCTC-CAAT	6	0	1	0.0010073875083948958	0.0005	0.000017000000000000003
GCTC-CTTA	9	0	1	0.0015110812625923438	0.0005	0.000014
GCTC-GTGT	2	0	1	0.000335795836131632	0.0005	0.000015
GCTC-TCAA	1	0	1	0.000167897918065816	0.0005	0.000021000000000000002
GCTC-TTGG	3	0	1	0.0005036937541974479	0.0005	0.000015
GCTC-TTGT	1	0	1	0.000167897918065816	0.0005	0.000019
GCTG-ACCT	4	0	1	0.000671591672263264	0.0005	0.000014875
GCTG-GCGC	3	0	1	0.0005036937541974479	0.0005	0.00001575
GCTG-GGCT	4	0	1	0.000671591672263264	0.0005	0.000017500000000000002
GCTG-GTAG	1	0	1	0.000167897918065816	0.0005	0.000012250000000000001
GCTG-TCGT	6	0	1	0.0010073875083948958	0.0005	0.000014
GCTG-TGAT	1	0	1	0.000167897918065816	0.0005	0.000008750000000000001
GCTG-TGCG	12	0	1	0.0020147750167897917	0.0005	0.000017500000000000002
GCTG-TTGC	8	0	1	0.001343183344526528	0.0005	0.000021000000000000002
GCTT-AGTG	2	0	1	0.000335795836131632	0.0005	0.000008
GCTT-GCAG	1	0	1	0.000167897918065816	0.0005	0.000010500000000000001
GCTT-GGGT	1	0	1	0.000167897918065816	0.0005	0.00001
GGAA-AGTA	4	0	1	0.000671591672263264	0.0005	0.00001875
GGAA-CATG	2	0	1	0.000335795836131632	0.0005	0.00001
GGAA-CGAC	2	0	1	0.000335795836131632	0.0005	0.00002
GGAA-CTCG	7	0	1	0.0011752854264607119	0.0005	0.000017500000000000002
GGAA-GAAA	2	0	1	0.000335795836131632	0.0005	0.000013749999999999999
GGAA-GACA	3	0	1	0.0005036937541974479	0.0005	0.000025
GGAA-GAGA	2	0	1	0.000335795836131632	0.0005	0.00001875
GGAA-TAAA	3	0	1	0.0005036937541974479	0.0005	0.000022499999999999998
GGAA-TGGA	4	0	1	0.000671591672263264	0.0005	0.000013749999999999999
GGAA-TGGC	6	0	1	0.0010073875083948958	0.0005	0.00001875
GGAC-AGCT	4	0	1	0.000671591672263264	0.0005	0.000011
GGAC-ATTT	2	0	1	0.000335795836131632	0.0005	0.000015124999999999998
GGAC-CCCT	3	0	1	0.0005036937541974479	0.0005	0.000011
GGAC-CGTC	2	0	1	0.000335795836131632	0.0005	0.000008249999999999999
GGAC-GCCA	2	0	1	0.000335795836131632	0.0005	0.000016499999999999998
GGAC-GTGG	1	0	1	0.000167897918065816	0.0005	0.000015124999999999998
GGAG-AACA	2	0	1	0.000335795836131632	0.0005	0.000016874999999999997
GGAG-ATGG	5	0	1	0.0008394895903290799	0.0005	0.000018
GGAG-CAAC	2	0	1	0.000335795836131632	0.0005	0.000019125
GGAG-CACC	2	0	1	0.000335795836131632	0.0005	0.000019125
GGAG-CGCA	2	0	1	0.000335795836131632	0.0005	0.000014624999999999998
GGAG-CTAT	1	0	1	0.000167897918065816	0.0005	0.000023624999999999998
GGAG-CTCT	2	0	1	0.000335795836131632	0.0005	0.000018
GGAG-GAGT	1	0	1	0.000167897918065816	0.0005	0.000018
GGAG-GTCG	6	0	1	0.0010073875083948958	0.0005	0.000016874999999999997
GGAG-TGAA	3	0	1	0.0005036937541974479	0.0005	0.000019125
GGAT-AGGT	3	0	1	0.0005036937541974479	0.0005	0.000008249999999999999
GGAT-CGTT	2	0	1	0.000335795836131632	0.0005	0.0000135
GGAT-CTAG	3	0	1	0.0005036937541974479	0.0005	0.000012
GGAT-GATT	2	0	1	0.000335795836131632	0.0005	0.0000135
GGAT-GTGA	2	0	1	0.000335795836131632	0.0005	0.000012750000000000002
GGCA-GATT	3	0	1	0.0005036937541974479	0.0005	0.0000135
GGCA-GGCA	1	0	1	0.000167897918065816	0.0005	0.000009
GGCA-TAGA	2	0	1	0.000335795836131632	0.0005	0.000015
GGCA-TGCC	5	0	1	0.0008394895903290799	0.0005	0.000010500000000000001
GGCA-TGTT	4	0	1	0.000671591672263264	0.0005	0.000011249999999999999
GGCC-ACGA	3	0	1	0.0005036937541974479	0.0005	0.000010500000000000001
GGCC-CAGG	4	0	1	0.000671591672263264	0.0005	0.000012750000000000002
GGCC-GACC	4	0	1	0.000671591672263264	0.0005	0.00000975
GGCC-TTAG	2	0	1	0.000335795836131632	0.0005	0.000008249999999999999
GGCG-ATCC	3	0	1	0.0005036937541974479	0.0005	0.000008937499999999999
GGCG-CATT	4	0	1	0.000671591672263264	0.0005	0.0000116875
GGCG-GACG	1	0	1	0.000167897918065816	0.0005	0.000013749999999999999
GGCG-GTCT	4	0	1	0.000671591672263264	0.0005	0.000008249999999999999
GGCG-TAGT	7	0	1	0.0011752854264607119	0.0005	0.000011
GGCT-AAAC	3	0	1	0.0005036937541974479	0.0005	0.000022499999999999998
GGCT-AACC	3	0	1	0.0005036937541974479	0.0005	0.00001875
GGCT-AAGA	2	0	1	0.000335795836131632	0.0005	0.000017500000000000002
GGCT-ATCG	2	0	1	0.000335795836131632	0.0005	0.00001625
GGCT-ATGG	4	0	1	0.000671591672263264	0.0005	0.00002
GGCT-CAAT	2	0	1	0.000335795836131632	0.0005	0.00002125
GGCT-CAGA	5	0	1	0.0008394895903290799	0.0005	0.00001625
GGCT-CCGA	2	0	1	0.000335795836131632	0.0005	0.00002
GGCT-CGTA	6	0	1	0.0010073875083948958	0.0005	0.000013749999999999999
GGCT-CTGC	6	0	1	0.0010073875083948958	0.0005	0.000025
GGCT-GATG	3	0	1	0.0005036937541974479	0.0005	0.00003125
GGCT-GTAT	2	0	1	0.000335795836131632	0.0005	0.00001875
GGCT-TGGC	5	0	1	0.0008394895903290799	0.0005	0.00001875
GGCT-TTCG	4	0	1	0.000671591672263264	0.0005	0.000015
GGGA-CCAT	2	0	1	0.000335795836131632	0.0005	0.00002625
GGGA-CTAC	1	0	1	0.000167897918065816	0.0005	0.000027562500000000002
GGGA-CTCT	4	0	1	0.000671591672263264	0.0005	0.000021000000000000002
GGGA-CTTA	2	0	1	0.000335795836131632	0.0005	0.000018375000000000003
GGGA-GATG	1	0	1	0.000167897918065816	0.0005	0.000032812500000000005
GGGA-GCGT	1	0	1	0.000167897918065816	0.0005	0.000018375000000000003
GGGA-GTGC	1	0	1	0.000167897918065816	0.0005	0.000027562500000000002
GGGA-GTTC	2	0	1	0.000335795836131632	0.0005	0.00002625
GGGA-TGCA	2	0	1	0.000335795836131632	0.0005	0.000022312500000000004
GGGC-CCAC	2	0	1	0.000335795836131632	0.0005	0.000019125
GGGC-CGTA	1	0	1	0.000167897918065816	0.0005	0.0000116875
GGGC-CTAA	2	0	1	0.000335795836131632	0.0005	0.0000201875
GGGC-GGAT	3	0	1	0.0005036937541974479	0.0005	0.000012750000000000002
GGGC-GTGG	4	0	1	0.000671591672263264	0.0005	0.000023375
GGGC-TAGA	6	0	1	0.0010073875083948958	0.0005	0.00002125
GGGC-TAGG	3	0	1	0.0005036937541974479	0.0005	0.000018062500000000002
GGGC-TATG	1	0	1	0.000167897918065816	0.0005	0.000018062500000000002
GGGC-TGTC	3	0	1	0.0005036937541974479	0.0005	0.000014875
GGGC-TTCA	4	0	1	0.000671591672263264	0.0005	0.000019125
GGGG-AGGA	1	0	1	0.000167897918065816	0.0005	0.000016
GGGG-AGTG	3	0	1	0.0005036937541974479	0.0005	0.000016
GGGG-CAGG	1	0	1	0.000167897918065816	0.0005	0.000017000000000000003
GGGG-CGTT	2	0	1	0.000335795836131632	0.0005	0.000018
GGGG-GATG	1	0	1	0.000167897918065816	0.0005	0.000025
GGGG-TAGT	1	0	1	0.000167897918065816	0.0005	0.000016
GGGG-TGAG	2	0	1	0.000335795836131632	0.0005	0.00002
GGGT-ACGG	1	0	1	0.000167897918065816	0.0005	0.00002
GGGT-AGAG	1	0	1	0.000167897918065816	0.0005	0.000017500000000000002
GGGT-AGGA	4	0	1	0.000671591672263264	0.0005	0.00002
GGGT-CACA	4	0	1	0.000671591672263264	0.0005	0.000017500000000000002
GGGT-CCCT	3	0	1	0.0005036937541974479	0.0005	0.00002
GGGT-CGAA	4	0	1	0.000671591672263264	0.0005	0.00001625
GGGT-CTAC	4	0	1	0.000671591672263264	0.0005	0.00002625
GGGT-GCCA	1	0	1	0.000167897918065816	0.0005	0.00003
GGGT-GCGA	2	0	1	0.000335795836131632	0.0005	0.000022499999999999998
GGGT-TCCG	1	0	1	0.000167897918065816	0.0005	0.00002125
GGTA-ACCA	8	0	1	0.001343183344526528	0.0005	0.00002
GGTA-CGAG	3	0	1	0.0005036937541974479	0.0005	0.000014
GGTA-CTTA	2	0	1	0.000335795836131632	0.0005	0.000014
GGTA-GGGA	5	0	1	0.0008394895903290799	0.0005	0.000021000000000000002
GGTA-TCAC	5	0	1	0.0008394895903290799	0.0005	0.000014
GGTA-TCAT	3	0	1	0.0005036937541974479	0.0005	0.000018
GGTA-TCCT	7	0	1	0.0011752854264607119	0.0005	0.000017000000000000003
GGTA-TCTG	3	0	1	0.0005036937541974479	0.0005	0.000015
GGTA-TGCT	2	0	1	0.000335795836131632	0.0005	0.00002
GGTA-TTGG	2	0	1	0.000335795836131632	0.0005	0.000015
GGTA-TTGT	3	0	1	0.0005036937541974479	0.0005	0.000019
GGTC-CAAC	4	0	1	0.000671591672263264	0.0005	0.0000159375
GGTC-CACC	5	0	1	0.0008394895903290799	0.0005	0.0000159375
GGTC-CCGG	2	0	1	0.000335795836131632	0.0005	0.000011249999999999999
GGTC-GCCG	2	0	1	0.000335795836131632	0.0005	0.000013125
GGTC-TCAC	2	0	1	0.000335795836131632	0.0005	0.000013125
GGTC-TGAG	1	0	1	0.000167897918065816	0.0005	0.00001875
GGTG-AAAA	4	0	1	0.000671591672263264	0.0005	0.000021000000000000002
GGTG-CGAA	2	0	1	0.000335795836131632	0.0005	0.000013
GGTG-CGAG	6	0	1	0.0010073875083948958	0.0005	0.000014
GGTG-GATG	2	0	1	0.000335795836131632	0.0005	0.000025
GGTG-TAAA	4	0	1	0.000671591672263264	0.0005	0.000018
GGTG-TACT	2	0	1	0.000335795836131632	0.0005	0.000019
GGTG-TGCG	2	0	1	0.000335795836131632	0.0005	0.00002
GGTT-AAAG	7	0	1	0.0011752854264607119	0.0005	0.00002875
GGTT-AACC	6	0	1	0.0010073875083948958	0.0005	0.00001875
GGTT-AGCC	5	0	1	0.0008394895903290799	0.0005	0.000022499999999999998
GGTT-AGCG	3	0	1	0.0005036937541974479	0.0005	0.000022499999999999998
GGTT-ATGA	3	0	1	0.0005036937541974479	0.0005	0.000022499999999999998
GGTT-CTAT	9	0	1	0.0015110812625923438	0.0005	0.00002625
GGTT-GATT	2	0	1	0.000335795836131632	0.0005	0.000022499999999999998
GGTT-GCGT	1	0	1	0.000167897918065816	0.0005	0.000017500000000000002
GGTT-GCTG	3	0	1	0.0005036937541974479	0.0005	0.000017500000000000002
GGTT-GTTT	2	0	1	0.000335795836131632	0.0005	0.00002125
GGTT-TAAC	7	0	1	0.0011752854264607119	0.0005	0.000022499999999999998
GGTT-TCTG	2	0	1	0.000335795836131632	0.0005	0.00001875
GTAA-ACAA	5	0	1	0.0008394895903290799	0.0005	0.000009
GTAA-AGCT	3	0	1	0.0005036937541974479	0.0005	0.000012
GTAA-CCAC	6	0	1	0.0010073875083948958	0.0005	0.0000135
GTAA-GAAT	6	0	1	0.0010073875083948958	0.0005	0.0000135
GTAA-GCCA	3	0	1	0.0005036937541974479	0.0005	0.000018
GTAA-GCCC	2	0	1	0.000335795836131632	0.0005	0.000011249999999999999
GTAA-GGCA	3	0	1	0.0005036937541974479	0.0005	0.000009
GTAC-AAGT	1	0	1	0.000167897918065816	0.0005	0.000012
GTAC-ACCG	3	0	1	0.0005036937541974479	0.0005	0.000021000000000000002
GTAC-ACGA	1	0	1	0.000167897918065816	0.0005	0.000014
GTAC-CAAC	2	0	1	0.000335795836131632	0.0005	0.000017000000000000003
GTAC-GTGC	2	0	1	0.000335795836131632	0.0005	0.000021000000000000002
GTAC-TCCG	3	0	1	0.0005036937541974479	0.0005	0.000017000000000000003
GTAC-TGAT	3	0	1	0.0005036937541974479	0.0005	0.00001
GTAC-TGCG	6	0	1	0.0010073875083948958	0.0005	0.00002
GTAC-TGCT	4	0	1	0.000671591672263264	0.0005	0.00002
GTAC-TGTA	2	0	1	0.000335795836131632	0.0005	0.000018
GTAG-AAGG	2	0	1	0.000335795836131632	0.0005	0.000013125
GTAG-AGTG	2	0	1	0.000335795836131632	0.0005	0.000014
GTAG-CGCG	1	0	1	0.000167897918065816	0.0005	0.000014
GTAG-CTCT	3	0	1	0.0005036937541974479	0.0005	0.000014
GTAG-GGAA	7	0	1	0.0011752854264607119	0.0005	0.000017500000000000002
GTAG-GGGA	2	0	1	0.000335795836131632	0.0005	0.000018375000000000003
GTAT-AATC	3	0	1	0.0005036937541974479	0.0005	0.000016874999999999997
GTAT-ACCG	2	0	1	0.000335795836131632	0.0005	0.0000196875
GTAT-AGTG	4	0	1	0.000671591672263264	0.0005	0.000015
GTAT-GATC	5	0	1	0.0008394895903290799	0.0005	0.000010312499999999998
GTAT-GTAG	2	0	1	0.000335795836131632	0.0005	0.000013125
GTAT-GTTG	4	0	1	0.000671591672263264	0.0005	0.000011249999999999999
GTAT-TTCT	2	0	1	0.000335795836131632	0.0005	0.0000159375
GTCA-CAAT	2	0	1	0.000335795836131632	0.0005	0.000008500000000000002
GTCA-CGGA	6	0	1	0.0010073875083948958	0.0005	0.000008
GTCA-TAAA	3	0	1	0.0005036937541974479	0.0005	0.000009
GTCA-TAGC	2	0	1	0.000335795836131632	0.0005	0.000008500000000000002
GTCA-TGAA	2	0	1	0.000335795836131632	0.0005	0.000008500000000000002
GTCC-ACTT	2	0	1	0.000335795836131632	0.0005	0.000008750000000000001
GTCC-AGAA	1	0	1	0.000167897918065816	0.0005	0.000012250000000000001
GTCC-CCCT	3	0	1	0.0005036937541974479	0.0005	0.000014
GTCC-GGGT	3	0	1	0.0005036937541974479	0.0005	0.000017500000000000002
GTCG-ATGT	5	0	1	0.0008394895903290799	0.0005	0.000022499999999999998
GTCG-CTTC	5	0	1	0.0008394895903290799	0.0005	0.000015
GTCG-GCAG	4	0	1	0.000671591672263264	0.0005	0.0000196875
GTCG-GGAG	3	0	1	0.0005036937541974479	0.0005	0.000016874999999999997
GTCG-TAGA	3	0	1	0.0005036937541974479	0.0005	0.00001875
GTCG-TGTG	4	0	1	0.000671591672263264	0.0005	0.0000178125
GTCT-CTAA	4	0	1	0.000671591672263264	0.0005	0.00001425
GTCT-CTCT	1	0	1	0.000167897918065816	0.0005	0.000012
GTCT-GACT	2	0	1	0.000335795836131632	0.0005	0.000010500000000000001
GTCT-GCTC	4	0	1	0.000671591672263264	0.0005	0.000012
GTCT-TGGC	2	0	1	0.000335795836131632	0.0005	0.000011249999999999999
GTGA-ACAA	2	0	1	0.000335795836131632	0.0005	0.000012750000000000002
GTGA-CCCG	2	0	1	0.000335795836131632	0.0005	0.000010625
GTGA-CCGG	2	0	1	0.000335795836131632	0.0005	0.000012750000000000002
GTGA-CGCT	2	0	1	0.000335795836131632	0.0005	0.00002125
GTGA-GAAG	1	0	1	0.000167897918065816	0.0005	0.000012750000000000002
GTGA-GGTA	1	0	1	0.000167897918065816	0.0005	0.000017000000000000003
GTGA-TGAT	2	0	1	0.000335795836131632	0.0005	0.000010625
GTGC-ATTC	3	0	1	0.0005036937541974479	0.0005	0.000018375000000000003
GTGC-CACC	4	0	1	0.000671591672263264	0.0005	0.000022312500000000004
GTGC-CCAC	3	0	1	0.0005036937541974479	0.0005	0.000023624999999999998
GTGC-CGAG	1	0	1	0.000167897918065816	0.0005	0.000018375000000000003
GTGC-CTAC	1	0	1	0.000167897918065816	0.0005	0.000027562500000000002
GTGC-GACC	1	0	1	0.000167897918065816	0.0005	0.0000170625
GTGC-GCGT	2	0	1	0.000335795836131632	0.0005	0.000018375000000000003
GTGC-GGAA	2	0	1	0.000335795836131632	0.0005	0.00002625
GTGC-GGTC	3	0	1	0.0005036937541974479	0.0005	0.0000196875
GTGC-GTCG	3	0	1	0.0005036937541974479	0.0005	0.0000196875
GTGC-TCTG	3	0	1	0.0005036937541974479	0.0005	0.0000196875
GTGC-TTAT	3	0	1	0.0005036937541974479	0.0005	0.000027562500000000002
GTGG-AACC	3	0	1	0.0005036937541974479	0.0005	0.000020624999999999996
GTGG-ACTA	1	0	1	0.000167897918065816	0.0005	0.000020624999999999996
GTGG-ATCT	4	0	1	0.000671591672263264	0.0005	0.000027499999999999998
GTGG-CAGT	7	0	1	0.0011752854264607119	0.0005	0.000013749999999999999
GTGG-CATG	2	0	1	0.000335795836131632	0.0005	0.000011
GTGG-CCGC	1	0	1	0.000167897918065816	0.0005	0.000016499999999999998
GTGG-CTGT	4	0	1	0.000671591672263264	0.0005	0.000016499999999999998
GTGG-GGTG	2	0	1	0.000335795836131632	0.0005	0.000022
GTGG-GTTA	2	0	1	0.000335795836131632	0.0005	0.000017874999999999997
GTGT-AGTC	1	0	1	0.000167897918065816	0.0005	0.000015
GTGT-ATAA	2	0	1	0.000335795836131632	0.0005	0.0000121875
GTGT-ATGG	2	0	1	0.000335795836131632	0.0005	0.000015
GTGT-CTCC	7	0	1	0.0011752854264607119	0.0005	0.0000140625
GTGT-CTGC	7	0	1	0.0011752854264607119	0.0005	0.00001875
GTGT-GACA	4	0	1	0.000671591672263264	0.0005	0.00001875
GTGT-GTAC	1	0	1	0.000167897918065816	0.0005	0.000015
GTGT-TCAA	2	0	1	0.000335795836131632	0.0005	0.0000196875
GTTA-AACC	1	0	1	0.000167897918065816	0.0005	0.0000121875
GTTA-AGCT	3	0	1	0.0005036937541974479	0.0005	0.000013
GTTA-ATCT	1	0	1	0.000167897918065816	0.0005	0.00001625
GTTA-ATTA	2	0	1	0.000335795836131632	0.0005	0.000011375
GTTA-GAAT	2	0	1	0.000335795836131632	0.0005	0.000014624999999999998
GTTA-TAAG	6	0	1	0.0010073875083948958	0.0005	0.0000105625
GTTA-TGAC	2	0	1	0.000335795836131632	0.0005	0.0000138125
GTTC-AGCC	3	0	1	0.0005036937541974479	0.0005	0.000022499999999999998
GTTC-ATCG	2	0	1	0.000335795836131632	0.0005	0.00001625
GTTC-CACT	2	0	1	0.000335795836131632	0.0005	0.00002
GTTC-CGTA	1	0	1	0.000167897918065816	0.0005	0.000013749999999999999
GTTC-CGTC	6	0	1	0.0010073875083948958	0.0005	0.000015
GTTC-CTGT	6	0	1	0.0010073875083948958	0.0005	0.000015
GTTC-GGAC	2	0	1	0.000335795836131632	0.0005	0.000013749999999999999
GTTC-GGTC	4	0	1	0.000671591672263264	0.0005	0.00001875
GTTC-TCCA	1	0	1	0.000167897918065816	0.0005	0.000022499999999999998
GTTG-AGAG	5	0	1	0.0008394895903290799	0.0005	0.000010500000000000001
GTTG-ATAT	1	0	1	0.000167897918065816	0.0005	0.00001575
GTTG-CAGC	2	0	1	0.000335795836131632	0.0005	0.0000135
GTTG-GACC	1	0	1	0.000167897918065816	0.0005	0.00000975
GTTG-GAGT	9	0	1	0.0015110812625923438	0.0005	0.000012
GTTG-GATC	4	0	1	0.000671591672263264	0.0005	0.000008249999999999999
GTTG-TTCC	1	0	1	0.000167897918065816	0.0005	0.00001425
GTTT-ACCA	2	0	1	0.000335795836131632	0.0005	0.00002125
GTTT-ACTA	3	0	1	0.0005036937541974479	0.0005	0.0000159375
GTTT-ACTG	3	0	1	0.0005036937541974479	0.0005	0.0000138125
GTTT-ATAC	2	0	1	0.000335795836131632	0.0005	0.0000201875
GTTT-ATGG	2	0	1	0.000335795836131632	0.0005	0.000017000000000000003
GTTT-CATC	3	0	1	0.0005036937541974479	0.0005	0.000018062500000000002
GTTT-GTAT	3	0	1	0.0005036937541974479	0.0005	0.0000159375
GTTT-TCAC	1	0	1	0.000167897918065816	0.0005	0.000014875
GTTT-TTTA	1	0	1	0.000167897918065816	0.0005	0.000018062500000000002
GTTT-TTTG	2	0	1	0.000335795836131632	0.0005	0.0000159375
TAAA-ACTA	1	0	1	0.000167897918065816	0.0005	0.000016874999999999997
TAAA-AGCG	1	0	1	0.000167897918065816	0.0005	0.000020249999999999998
TAAA-CGAT	1	0	1	0.000167897918065816	0.0005	0.000018
TAAA-CTCC	3	0	1	0.0005036937541974479	0.0005	0.000016874999999999997
TAAA-GATG	1	0	1	0.000167897918065816	0.0005	0.000028125
TAAA-TACC	4	0	1	0.000671591672263264	0.0005	0.000014624999999999998
TAAA-TGAG	2	0	1	0.000335795836131632	0.0005	0.000022499999999999998
TAAC-ACCT	1	0	1	0.000167897918065816	0.0005	0.000019125
TAAC-AGTT	1	0	1	0.000167897918065816	0.0005	0.000021374999999999998
TAAC-GGCA	2	0	1	0.000335795836131632	0.0005	0.0000135
TAAC-TGAA	3	0	1	0.0005036937541974479	0.0005	0.000019125
TAAC-TGAG	3	0	1	0.0005036937541974479	0.0005	0.000022499999999999998
TAAC-TGGG	4	0	1	0.000671591672263264	0.0005	0.000018
TAAG-ACCC	1	0	1	0.000167897918065816	0.0005	0.000008937499999999999
TAAG-AGGC	2	0	1	0.000335795836131632	0.0005	0.000008937499999999999
TAAG-AGGG	1	0	1	0.000167897918065816	0.0005	0.0000121875
TAAG-AGTG	8	0	1	0.001343183344526528	0.0005	0.000013
TAAG-ATCT	2	0	1	0.000335795836131632	0.0005	0.00001625
TAAG-ATGT	4	0	1	0.000671591672263264	0.0005	0.0000195
TAAG-GAAA	4	0	1	0.000671591672263264	0.0005	0.000008937499999999999
TAAG-TAGG	3	0	1	0.0005036937541974479	0.0005	0.0000138125
TAAT-AAAT	3	0	1	0.0005036937541974479	0.0005	0.0000075
TAAT-AACG	4	0	1	0.000671591672263264	0.0005	0.00000675
TAAT-AGTC	2	0	1	0.000335795836131632	0.0005	0.000012
TAAT-ATGG	3	0	1	0.0005036937541974479	0.0005	0.000012
TAAT-GGCG	2	0	1	0.000335795836131632	0.0005	0.000008249999999999999
TAAT-TAAC	2	0	1	0.000335795836131632	0.0005	0.0000135
TACA-CACC	3	0	1	0.0005036937541974479	0.0005	0.000012750000000000002
TACA-CCAA	2	0	1	0.000335795836131632	0.0005	0.000008249999999999999
TACA-CGTT	3	0	1	0.0005036937541974479	0.0005	0.0000135
TACA-GGGT	3	0	1	0.0005036937541974479	0.0005	0.000015
TACA-GTGG	3	0	1	0.0005036937541974479	0.0005	0.000016499999999999998
TACA-TCAA	2	0	1	0.000335795836131632	0.0005	0.00001575
TACA-TTAC	3	0	1	0.0005036937541974479	0.0005	0.000009
TACC-CCAT	5	0	1	0.0008394895903290799	0.0005	0.00001625
TACC-GTCT	2	0	1	0.000335795836131632	0.0005	0.00000975
TACC-TAAC	3	0	1	0.0005036937541974479	0.0005	0.000014624999999999998
TACC-TCCA	3	0	1	0.0005036937541974479	0.0005	0.000014624999999999998
TACG-AACT	2	0	1	0.000335795836131632	0.0005	0.0000056249999999999995
TACG-AATG	2	0	1	0.000335795836131632	0.0005	0.00000675
TACG-AGAC	3	0	1	0.0005036937541974479	0.0005	0.000007875
TACG-GGCC	1	0	1	0.000167897918065816	0.0005	0.00000675
TACG-GGTT	3	0	1	0.0005036937541974479	0.0005	0.000011249999999999999
TACG-GTCC	2	0	1	0.000335795836131632	0.0005	0.000007875
TACG-TAAA	4	0	1	0.000671591672263264	0.0005	0.000010124999999999999
TACT-ACAG	2	0	1	0.000335795836131632	0.0005	0.000016625
TACT-ACCC	2	0	1	0.000335795836131632	0.0005	0.000013062499999999999
TACT-AGGT	3	0	1	0.0005036937541974479	0.0005	0.000013062499999999999
TACT-CTCA	1	0	1	0.000167897918065816	0.0005	0.000019
TACT-CTGC	1	0	1	0.000167897918065816	0.0005	0.00002375
TACT-GGTG	5	0	1	0.0008394895903290799	0.0005	0.000019
TACT-GTAC	5	0	1	0.0008394895903290799	0.0005	0.000019
TACT-GTGG	6	0	1	0.0010073875083948958	0.0005	0.000026124999999999998
TACT-TGTC	2	0	1	0.000335795836131632	0.0005	0.000016625
TACT-TTCG	2	0	1	0.000335795836131632	0.0005	0.00001425
TAGA-ATGT	6	0	1	0.0010073875083948958	0.0005	0.00003
TAGA-CAAG	2	0	1	0.000335795836131632	0.0005	0.000017500000000000002
TAGA-CATC	1	0	1	0.000167897918065816	0.0005	0.00002125
TAGA-CTCG	3	0	1	0.0005036937541974479	0.0005	0.000017500000000000002
TAGA-GCAC	3	0	1	0.0005036937541974479	0.0005	0.000022499999999999998
TAGA-TCAG	4	0	1	0.000671591672263264	0.0005	0.00001875
TAGA-TTAT	1	0	1	0.000167897918065816	0.0005	0.00002625
TAGC-ATCT	1	0	1	0.000167897918065816	0.0005	0.00002125
TAGC-CAAT	5	0	1	0.0008394895903290799	0.0005	0.000018062500000000002
TAGC-GCAC	1	0	1	0.000167897918065816	0.0005	0.000019125
TAGC-GTCC	2	0	1	0.000335795836131632	0.0005	0.000014875
TAGC-TATG	2	0	1	0.000335795836131632	0.0005	0.000018062500000000002
TAGC-TGCG	2	0	1	0.000335795836131632	0.0005	0.00002125
TAGG-ATTC	4	0	1	0.000671591672263264	0.0005	0.000014875
TAGG-CCGA	8	0	1	0.001343183344526528	0.0005	0.000017000000000000003
TAGG-CTTC	4	0	1	0.000671591672263264	0.0005	0.000017000000000000003
TAGG-GCCT	2	0	1	0.000335795836131632	0.0005	0.0000159375
TAGG-GCGC	2	0	1	0.000335795836131632	0.0005	0.000019125
TAGG-GCTT	1	0	1	0.000167897918065816	0.0005	0.000008500000000000002
TAGG-GGGA	4	0	1	0.000671591672263264	0.0005	0.000022312500000000004
TAGG-TAGC	1	0	1	0.000167897918065816	0.0005	0.000018062500000000002
TAGT-AAAT	6	0	1	0.0010073875083948958	0.0005	0.00001
TAGT-ACCG	1	0	1	0.000167897918065816	0.0005	0.000021000000000000002
TAGT-ACTG	3	0	1	0.0005036937541974479	0.0005	0.000013
TAGT-AGCC	4	0	1	0.000671591672263264	0.0005	0.000018
TAGT-AGTA	3	0	1	0.0005036937541974479	0.0005	0.000015
TAGT-ATAC	1	0	1	0.000167897918065816	0.0005	0.000019
TAGT-CACG	12	0	1	0.0020147750167897917	0.0005	0.000014
TAGT-CATC	8	0	1	0.001343183344526528	0.0005	0.000017000000000000003
TAGT-CTTT	4	0	1	0.000671591672263264	0.0005	0.000009
TAGT-GTCT	3	0	1	0.0005036937541974479	0.0005	0.000012
TAGT-TGGC	1	0	1	0.000167897918065816	0.0005	0.000015
TAGT-TTTT	3	0	1	0.0005036937541974479	0.0005	0.000016
TATA-AGAG	1	0	1	0.000167897918065816	0.0005	0.000016625
TATA-ATCG	3	0	1	0.0005036937541974479	0.0005	0.0000154375
TATA-CCGC	5	0	1	0.0008394895903290799	0.0005	0.00001425
TATA-CGGC	2	0	1	0.000335795836131632	0.0005	0.0000178125
TATA-CGGG	3	0	1	0.0005036937541974479	0.0005	0.000016625
TATA-GGTT	2	0	1	0.000335795836131632	0.0005	0.00002375
TATA-TAGC	1	0	1	0.000167897918065816	0.0005	0.0000201875
TATA-TATG	6	0	1	0.0010073875083948958	0.0005	0.0000201875
TATA-TTCG	1	0	1	0.000167897918065816	0.0005	0.00001425
TATC-AAGT	3	0	1	0.0005036937541974479	0.0005	0.000010500000000000001
TATC-ATAT	2	0	1	0.000335795836131632	0.0005	0.000018375000000000003
TATC-CATC	2	0	1	0.000335795836131632	0.0005	0.000014875
TATC-CGTC	2	0	1	0.000335795836131632	0.0005	0.000010500000000000001
TATC-GGAC	2	0	1	0.000335795836131632	0.0005	0.000009625
TATC-GTGC	1	0	1	0.000167897918065816	0.0005	0.000018375000000000003
TATC-TACC	1	0	1	0.000167897918065816	0.0005	0.000011375
TATG-AGCT	4	0	1	0.000671591672263264	0.0005	0.000017000000000000003
TATG-CCAT	1	0	1	0.000167897918065816	0.0005	0.00002125
TATG-CGTG	4	0	1	0.000671591672263264	0.0005	0.000012750000000000002
TATG-GCAT	4	0	1	0.000671591672263264	0.0005	0.000022312500000000004
TATG-GCTG	2	0	1	0.000335795836131632	0.0005	0.000014875
TATG-GTGC	1	0	1	0.000167897918065816	0.0005	0.000022312500000000004
TATG-TTAT	1	0	1	0.000167897918065816	0.0005	0.000022312500000000004
TATT-AAGG	1	0	1	0.000167897918065816	0.0005	0.000015
TATT-ACGC	5	0	1	0.0008394895903290799	0.0005	0.000024
TATT-AGCC	5	0	1	0.0008394895903290799	0.0005	0.000018
TATT-ATGT	2	0	1	0.000335795836131632	0.0005	0.000024
TATT-CTCG	3	0	1	0.0005036937541974479	0.0005	0.000014
TATT-GATT	2	0	1	0.000335795836131632	0.0005	0.000018
TATT-GCCA	2	0	1	0.000335795836131632	0.0005	0.000024
TATT-TAAC	4	0	1	0.000671591672263264	0.0005	0.000018
TCAA-AATG	3	0	1	0.0005036937541974479	0.0005	0.00001575
TCAA-ACAA	9	0	1	0.0015110812625923438	0.0005	0.00001575
TCAA-CATA	2	0	1	0.000335795836131632	0.0005	0.000023624999999999998
TCAA-CCTA	2	0	1	0.000335795836131632	0.0005	0.000023624999999999998
TCAA-GCGC	1	0	1	0.000167897918065816	0.0005	0.000023624999999999998
TCAA-TACA	5	0	1	0.0008394895903290799	0.0005	0.00001575
TCAA-TCGG	2	0	1	0.000335795836131632	0.0005	0.000013125
TCAA-TTGC	3	0	1	0.0005036937541974479	0.0005	0.0000315
TCAC-ACCT	4	0	1	0.000671591672263264	0.0005	0.000014875
TCAC-ATCT	2	0	1	0.000335795836131632	0.0005	0.000017500000000000002
TCAC-ATTC	3	0	1	0.0005036937541974479	0.0005	0.000012250000000000001
TCAC-GAAT	2	0	1	0.000335795836131632	0.0005	0.00001575
TCAC-GAGG	3	0	1	0.0005036937541974479	0.0005	0.000021875000000000003
TCAC-GTAG	6	0	1	0.0010073875083948958	0.0005	0.000012250000000000001
TCAC-TACC	3	0	1	0.0005036937541974479	0.0005	0.000011375
TCAG-AGTT	2	0	1	0.000335795836131632	0.0005	0.0000178125
TCAG-CATT	1	0	1	0.000167897918065816	0.0005	0.0000159375
TCAG-GATC	4	0	1	0.000671591672263264	0.0005	0.000010312499999999998
TCAG-GCCA	4	0	1	0.000671591672263264	0.0005	0.000022499999999999998
TCAG-GTAA	3	0	1	0.0005036937541974479	0.0005	0.000011249999999999999
TCAT-ACGG	5	0	1	0.0008394895903290799	0.0005	0.000018
TCAT-CCTC	10	0	1	0.0016789791806581598	0.0005	0.00001575
TCAT-CGCC	2	0	1	0.000335795836131632	0.0005	0.000023624999999999998
TCAT-GGGG	3	0	1	0.0005036937541974479	0.0005	0.000018
TCAT-GGGT	1	0	1	0.000167897918065816	0.0005	0.000022499999999999998
TCAT-GGTT	4	0	1	0.000671591672263264	0.0005	0.000022499999999999998
TCAT-TGGG	2	0	1	0.000335795836131632	0.0005	0.000018
TCAT-TTAT	3	0	1	0.0005036937541974479	0.0005	0.000023624999999999998
TCCA-AATA	3	0	1	0.0005036937541974479	0.0005	0.0000135
TCCA-ACAA	1	0	1	0.000167897918065816	0.0005	0.0000135
TCCA-AGCC	2	0	1	0.000335795836131632	0.0005	0.000020249999999999998
TCCA-ATAG	2	0	1	0.000335795836131632	0.0005	0.000014624999999999998
TCCA-CCTC	1	0	1	0.000167897918065816	0.0005	0.00001575
TCCA-GACA	1	0	1	0.000167897918065816	0.0005	0.000022499999999999998
TCCA-GACG	4	0	1	0.000671591672263264	0.0005	0.000022499999999999998
TCCA-TATC	2	0	1	0.000335795836131632	0.0005	0.00001575
TCCA-TCCT	2	0	1	0.000335795836131632	0.0005	0.000019125
TCCC-CACT	2	0	1	0.000335795836131632	0.0005	0.000018
TCCC-CCAA	5	0	1	0.0008394895903290799	0.0005	0.000012374999999999998
TCCC-CGAA	2	0	1	0.000335795836131632	0.0005	0.000014624999999999998
TCCC-CTCC	1	0	1	0.000167897918065816	0.0005	0.000016874999999999997
TCCC-GCGC	3	0	1	0.0005036937541974479	0.0005	0.000020249999999999998
TCCC-GTGT	5	0	1	0.0008394895903290799	0.0005	0.000016874999999999997
TCCC-GTTT	2	0	1	0.000335795836131632	0.0005	0.000019125
TCCC-TCGC	2	0	1	0.000335795836131632	0.0005	0.00001575
TCCC-TGTG	3	0	1	0.0005036937541974479	0.0005	0.000021374999999999998
TCCC-TTAA	2	0	1	0.000335795836131632	0.0005	0.00001575
TCCG-ACCG	2	0	1	0.000335795836131632	0.0005	0.000022312500000000004
TCCG-CAAA	1	0	1	0.000167897918065816	0.0005	0.0000138125
TCCG-GCGC	3	0	1	0.0005036937541974479	0.0005	0.000019125
TCCG-GGAT	3	0	1	0.0005036937541974479	0.0005	0.000012750000000000002
TCCG-GGCC	2	0	1	0.000335795836131632	0.0005	0.000012750000000000002
TCCG-GTCC	4	0	1	0.000671591672263264	0.0005	0.000014875
TCCG-TACT	4	0	1	0.000671591672263264	0.0005	0.0000201875
TCCG-TTGG	2	0	1	0.000335795836131632	0.0005	0.0000159375
TCCT-AAAA	4	0	1	0.000671591672263264	0.0005	0.000022312500000000004
TCCT-AGGA	1	0	1	0.000167897918065816	0.0005	0.000017000000000000003
TCCT-ATAT	2	0	1	0.000335795836131632	0.0005	0.000022312500000000004
TCCT-ATGC	3	0	1	0.0005036937541974479	0.0005	0.000018062500000000002
TCCT-ATTC	1	0	1	0.000167897918065816	0.0005	0.000014875
TCCT-CCGG	2	0	1	0.000335795836131632	0.0005	0.000012750000000000002
TCCT-CCTA	1	0	1	0.000167897918065816	0.0005	0.000019125
TCCT-CGTT	3	0	1	0.0005036937541974479	0.0005	0.000019125
TCCT-GTCG	1	0	1	0.000167897918065816	0.0005	0.0000159375
TCGA-AGTT	2	0	1	0.000335795836131632	0.0005	0.000016625
TCGA-ATGT	2	0	1	0.000335795836131632	0.0005	0.000021000000000000002
TCGA-CTGC	2	0	1	0.000335795836131632	0.0005	0.000017500000000000002
TCGA-TAAC	6	0	1	0.0010073875083948958	0.0005	0.00001575
TCGA-TAAT	2	0	1	0.000335795836131632	0.0005	0.000010500000000000001
TCGA-TGCG	2	0	1	0.000335795836131632	0.0005	0.000017500000000000002
TCGA-TTCA	2	0	1	0.000335795836131632	0.0005	0.00001575
TCGA-TTTC	3	0	1	0.0005036937541974479	0.0005	0.000012250000000000001
TCGC-CCGT	5	0	1	0.0008394895903290799	0.0005	0.000012250000000000001
TCGC-CTAT	4	0	1	0.000671591672263264	0.0005	0.000018375000000000003
TCGC-CTCA	3	0	1	0.0005036937541974479	0.0005	0.000014
TCGC-GAGG	1	0	1	0.000167897918065816	0.0005	0.000021875000000000003
TCGC-GTGG	1	0	1	0.000167897918065816	0.0005	0.00001925
TCGC-GTTC	6	0	1	0.0010073875083948958	0.0005	0.000017500000000000002
TCGC-TGGG	2	0	1	0.000335795836131632	0.0005	0.000014
TCGG-AATG	2	0	1	0.000335795836131632	0.0005	0.0000075
TCGG-ATCC	2	0	1	0.000335795836131632	0.0005	0.000008125
TCGG-CCCC	3	0	1	0.0005036937541974479	0.0005	0.000013125
TCGG-CGCA	5	0	1	0.0008394895903290799	0.0005	0.000008125
TCGG-CTGC	2	0	1	0.000335795836131632	0.0005	0.0000125
TCGG-GGGG	2	0	1	0.000335795836131632	0.0005	0.00001
TCGT-ATAG	1	0	1	0.000167897918065816	0.0005	0.000013
TCGT-ATTG	3	0	1	0.0005036937541974479	0.0005	0.000016
TCGT-CCAG	2	0	1	0.000335795836131632	0.0005	0.000015
TCGT-CTTT	2	0	1	0.000335795836131632	0.0005	0.000009
TCGT-GGTC	8	0	1	0.001343183344526528	0.0005	0.000015
TCGT-TGAG	2	0	1	0.000335795836131632	0.0005	0.00002
TCTA-CGCT	2	0	1	0.000335795836131632	0.0005	0.000015
TCTA-CTAT	3	0	1	0.0005036937541974479	0.0005	0.00001575
TCTA-GATT	2	0	1	0.000335795836131632	0.0005	0.0000135
TCTA-GCAG	4	0	1	0.000671591672263264	0.0005	0.00001575
TCTA-GCTA	1	0	1	0.000167897918065816	0.0005	0.0000135
TCTA-TCAG	2	0	1	0.000335795836131632	0.0005	0.000011249999999999999
TCTA-TTCC	6	0	1	0.0010073875083948958	0.0005	0.00001425
TCTC-ACAC	4	0	1	0.000671591672263264	0.0005	0.0000116875
TCTC-ACTC	7	0	1	0.0011752854264607119	0.0005	0.0000095625
TCTC-ACTT	3	0	1	0.0005036937541974479	0.0005	0.000010625
TCTC-ATAG	3	0	1	0.0005036937541974479	0.0005	0.0000138125
TCTC-ATTC	3	0	1	0.0005036937541974479	0.0005	0.000014875
TCTC-CCCA	5	0	1	0.0008394895903290799	0.0005	0.000012750000000000002
TCTC-CGTG	4	0	1	0.000671591672263264	0.0005	0.000012750000000000002
TCTC-GCAG	4	0	1	0.000671591672263264	0.0005	0.000022312500000000004
TCTC-GGAT	4	0	1	0.000671591672263264	0.0005	0.000012750000000000002
TCTC-GTCT	2	0	1	0.000335795836131632	0.0005	0.000012750000000000002
TCTG-ATTT	1	0	1	0.000167897918065816	0.0005	0.000020624999999999996
TCTG-CACG	5	0	1	0.0008394895903290799	0.0005	0.000013125
TCTG-GACA	2	0	1	0.000335795836131632	0.0005	0.00001875
TCTG-GAGG	2	0	1	0.000335795836131632	0.0005	0.0000234375
TCTG-GTAC	1	0	1	0.000167897918065816	0.0005	0.000015
TCTG-TCCT	5	0	1	0.0008394895903290799	0.0005	0.0000159375
TCTT-AATC	5	0	1	0.0008394895903290799	0.0005	0.0000135
TCTT-AGAG	1	0	1	0.000167897918065816	0.0005	0.000010500000000000001
TCTT-ATTT	3	0	1	0.0005036937541974479	0.0005	0.000016499999999999998
TCTT-CCTC	7	0	1	0.0011752854264607119	0.0005	0.000010500000000000001
TCTT-CTCC	2	0	1	0.000335795836131632	0.0005	0.000011249999999999999
TCTT-GATG	3	0	1	0.0005036937541974479	0.0005	0.000018750000000000002
TCTT-GTGG	2	0	1	0.000335795836131632	0.0005	0.000016499999999999998
TCTT-TTTG	4	0	1	0.000671591672263264	0.0005	0.000011249999999999999
TGAA-AACA	5	0	1	0.0008394895903290799	0.0005	0.0000159375
TGAA-AAGC	7	0	1	0.0011752854264607119	0.0005	0.000025500000000000003
TGAA-ATAT	3	0	1	0.0005036937541974479	0.0005	0.000022312500000000004
TGAA-CTAA	2	0	1	0.000335795836131632	0.0005	0.0000201875
TGAA-GTGC	3	0	1	0.0005036937541974479	0.0005	0.000022312500000000004
TGAA-TATT	3	0	1	0.0005036937541974479	0.0005	0.000017000000000000003
TGAA-TCTT	3	0	1	0.0005036937541974479	0.0005	0.000012750000000000002
TGAC-ATCG	1	0	1	0.000167897918065816	0.0005	0.0000138125
TGAC-CCAC	6	0	1	0.0010073875083948958	0.0005	0.000019125
TGAC-CCAT	3	0	1	0.0005036937541974479	0.0005	0.00002125
TGAC-CTTC	4	0	1	0.000671591672263264	0.0005	0.000017000000000000003
TGAC-GACA	2	0	1	0.000335795836131632	0.0005	0.00002125
TGAC-GGGA	4	0	1	0.000671591672263264	0.0005	0.000022312500000000004
TGAC-GTCC	2	0	1	0.000335795836131632	0.0005	0.000014875
TGAC-TAGC	3	0	1	0.0005036937541974479	0.0005	0.000018062500000000002
TGAC-TGTC	2	0	1	0.000335795836131632	0.0005	0.000014875
TGAC-TGTG	1	0	1	0.000167897918065816	0.0005	0.0000201875
TGAC-TTTT	6	0	1	0.0010073875083948958	0.0005	0.000017000000000000003
TGAG-AGTC	2	0	1	0.000335795836131632	0.0005	0.00002
TGAG-ATAT	1	0	1	0.000167897918065816	0.0005	0.00002625
TGAG-CGCT	2	0	1	0.000335795836131632	0.0005	0.000025
TGAG-TAGA	3	0	1	0.0005036937541974479	0.0005	0.000025
TGAT-AAGC	4	0	1	0.000671591672263264	0.0005	0.000015
TGAT-ACGG	3	0	1	0.0005036937541974479	0.0005	0.00001
TGAT-ATCT	3	0	1	0.0005036937541974479	0.0005	0.0000125
TGAT-CATA	3	0	1	0.0005036937541974479	0.0005	0.000011249999999999999
TGAT-GTAT	4	0	1	0.000671591672263264	0.0005	0.000009375
TGAT-TATG	1	0	1	0.000167897918065816	0.0005	0.000010625
TGAT-TCAT	3	0	1	0.0005036937541974479	0.0005	0.000011249999999999999
TGCA-AAAC	1	0	1	0.000167897918065816	0.0005	0.000019125
TGCA-AACA	2	0	1	0.000335795836131632	0.0005	0.0000159375
TGCA-AACT	5	0	1	0.0008394895903290799	0.0005	0.000010625
TGCA-AAGT	2	0	1	0.000335795836131632	0.0005	0.000012750000000000002
TGCA-CCAA	2	0	1	0.000335795836131632	0.0005	0.0000116875
TGCA-CTGG	3	0	1	0.0005036937541974479	0.0005	0.000012750000000000002
TGCA-CTTG	3	0	1	0.0005036937541974479	0.0005	0.000019125
TGCA-GGGG	2	0	1	0.000335795836131632	0.0005	0.000017000000000000003
TGCA-GTCA	6	0	1	0.0010073875083948958	0.0005	0.000008500000000000002
TGCA-TAGC	5	0	1	0.0008394895903290799	0.0005	0.000018062500000000002
TGCA-TATT	2	0	1	0.000335795836131632	0.0005	0.000017000000000000003
TGCA-TGCG	4	0	1	0.000671591672263264	0.0005	0.00002125
TGCC-ACAC	2	0	1	0.000335795836131632	0.0005	0.000009625
TGCC-ACCG	2	0	1	0.000335795836131632	0.0005	0.000018375000000000003
TGCC-AGTG	5	0	1	0.0008394895903290799	0.0005	0.000014
TGCC-CAAC	5	0	1	0.0008394895903290799	0.0005	0.000014875
TGCC-CGCA	2	0	1	0.000335795836131632	0.0005	0.000011375
TGCC-CTGG	2	0	1	0.000335795836131632	0.0005	0.000010500000000000001
TGCC-GAGT	1	0	1	0.000167897918065816	0.0005	0.000014
TGCC-TAAA	2	0	1	0.000335795836131632	0.0005	0.00001575
TGCC-TAGG	2	0	1	0.000335795836131632	0.0005	0.000014875
TGCC-TATA	3	0	1	0.0005036937541974479	0.0005	0.000016625
TGCG-AATA	1	0	1	0.000167897918065816	0.0005	0.000015
TGCG-AGTT	2	0	1	0.000335795836131632	0.0005	0.00002375
TGCG-CGCA	2	0	1	0.000335795836131632	0.0005	0.00001625
TGCG-GAAC	5	0	1	0.0008394895903290799	0.0005	0.0000125
TGCG-GGAG	4	0	1	0.000671591672263264	0.0005	0.000022499999999999998
TGCG-TACT	3	0	1	0.0005036937541974479	0.0005	0.00002375
TGCG-TATA	2	0	1	0.000335795836131632	0.0005	0.00002375
TGCG-TCAC	2	0	1	0.000335795836131632	0.0005	0.000017500000000000002
TGCG-TCTA	8	0	1	0.001343183344526528	0.0005	0.000015
TGCG-TGAC	2	0	1	0.000335795836131632	0.0005	0.00002125
TGCT-ATGT	2	0	1	0.000335795836131632	0.0005	0.00003
TGCT-CGCA	4	0	1	0.000671591672263264	0.0005	0.00001625
TGCT-CGCG	1	0	1	0.000167897918065816	0.0005	0.00002
TGCT-GATA	4	0	1	0.000671591672263264	0.0005	0.00002375
TGCT-GCCA	4	0	1	0.000671591672263264	0.0005	0.00003
TGCT-GTAG	1	0	1	0.000167897918065816	0.0005	0.000017500000000000002
TGCT-GTTA	1	0	1	0.000167897918065816	0.0005	0.00001625
TGCT-TCGT	1	0	1	0.000167897918065816	0.0005	0.00002
TGCT-TTAG	2	0	1	0.000335795836131632	0.0005	0.000013749999999999999
TGCT-TTCG	1	0	1	0.000167897918065816	0.0005	0.000015
TGCT-TTGC	1	0	1	0.000167897918065816	0.0005	0.00003
TGGA-AGCG	2	0	1	0.000335795836131632	0.0005	0.000012374999999999998
TGGA-CAGC	1	0	1	0.000167897918065816	0.0005	0.000012374999999999998
TGGA-CTTG	3	0	1	0.0005036937541974479	0.0005	0.000012374999999999998
TGGA-GGCA	2	0	1	0.000335795836131632	0.0005	0.000008249999999999999
TGGA-GTTA	2	0	1	0.000335795836131632	0.0005	0.000008937499999999999
TGGA-TAGG	2	0	1	0.000335795836131632	0.0005	0.0000116875
TGGA-TATT	1	0	1	0.000167897918065816	0.0005	0.000011
TGGA-TCAG	1	0	1	0.000167897918065816	0.0005	0.000010312499999999998
TGGA-TCTA	3	0	1	0.0005036937541974479	0.0005	0.000008249999999999999
TGGC-AAAC	2	0	1	0.000335795836131632	0.0005	0.000016874999999999997
TGGC-AGTA	2	0	1	0.000335795836131632	0.0005	0.0000140625
TGGC-ATCA	5	0	1	0.0008394895903290799	0.0005	0.000013125
TGGC-CCGT	1	0	1	0.000167897918065816	0.0005	0.000013125
TGGC-GTGG	2	0	1	0.000335795836131632	0.0005	0.000020624999999999996
TGGC-TGTA	3	0	1	0.0005036937541974479	0.0005	0.000016874999999999997
TGGC-TTAA	2	0	1	0.000335795836131632	0.0005	0.000013125
TGGG-AACT	7	0	1	0.0011752854264607119	0.0005	0.00001
TGGG-ACGT	5	0	1	0.0008394895903290799	0.0005	0.000012
TGGG-CTCT	2	0	1	0.000335795836131632	0.0005	0.000016
TGGG-GCGG	1	0	1	0.000167897918065816	0.0005	0.000021000000000000002
TGGG-GGCA	4	0	1	0.000671591672263264	0.0005	0.000012
TGGG-GGCT	4	0	1	0.000671591672263264	0.0005	0.00002
TGGG-TAGA	4	0	1	0.000671591672263264	0.0005	0.00002
TGGG-TCAA	3	0	1	0.0005036937541974479	0.0005	0.000021000000000000002
TGGG-TGTA	2	0	1	0.000335795836131632	0.0005	0.000018
TGGG-TTAT	1	0	1	0.000167897918065816	0.0005	0.000021000000000000002
TGGT-ACAC	2	0	1	0.000335795836131632	0.0005	0.0000116875
TGGT-AGAC	3	0	1	0.0005036937541974479	0.0005	0.000014875
TGGT-ATAA	1	0	1	0.000167897918065816	0.0005	0.0000138125
TGGT-CAAC	6	0	1	0.0010073875083948958	0.0005	0.000018062500000000002
TGGT-CCTA	4	0	1	0.000671591672263264	0.0005	0.000019125
TGGT-CTAA	5	0	1	0.0008394895903290799	0.0005	0.0000201875
TGGT-GCAG	1	0	1	0.000167897918065816	0.0005	0.000022312500000000004
TGGT-GCGT	1	0	1	0.000167897918065816	0.0005	0.000014875
TGGT-TCGC	1	0	1	0.000167897918065816	0.0005	0.000014875
TGGT-TCTC	2	0	1	0.000335795836131632	0.0005	0.000018062500000000002
TGGT-TGGG	2	0	1	0.000335795836131632	0.0005	0.000017000000000000003
TGGT-TGTC	3	0	1	0.0005036937541974479	0.0005	0.000014875
TGTA-ACCC	1	0	1	0.000167897918065816	0.0005	0.000012374999999999998
TGTA-ACTT	2	0	1	0.000335795836131632	0.0005	0.000011249999999999999
TGTA-CTGA	1	0	1	0.000167897918065816	0.0005	0.000019125
TGTA-GACC	3	0	1	0.0005036937541974479	0.0005	0.000014624999999999998
TGTA-GACG	5	0	1	0.0008394895903290799	0.0005	0.000022499999999999998
TGTA-GGTT	6	0	1	0.0010073875083948958	0.0005	0.000022499999999999998
TGTA-TCCA	3	0	1	0.0005036937541974479	0.0005	0.000020249999999999998
TGTA-TGTC	4	0	1	0.000671591672263264	0.0005	0.00001575
TGTA-TTCT	3	0	1	0.0005036937541974479	0.0005	0.000019125
TGTA-TTGA	2	0	1	0.000335795836131632	0.0005	0.000016874999999999997
TGTC-AACT	3	0	1	0.0005036937541974479	0.0005	0.000008750000000000001
TGTC-ACCG	3	0	1	0.0005036937541974479	0.0005	0.000018375000000000003
TGTC-CGAC	2	0	1	0.000335795836131632	0.0005	0.000014
TGTC-CGGG	4	0	1	0.000671591672263264	0.0005	0.000012250000000000001
TGTC-GGCT	3	0	1	0.0005036937541974479	0.0005	0.000017500000000000002
TGTC-GGGA	2	0	1	0.000335795836131632	0.0005	0.000018375000000000003
TGTG-ACCG	1	0	1	0.000167897918065816	0.0005	0.0000249375
TGTG-CACG	2	0	1	0.000335795836131632	0.0005	0.000016625
TGTG-CGAA	2	0	1	0.000335795836131632	0.0005	0.0000154375
TGTG-CTCC	6	0	1	0.0010073875083948958	0.0005	0.0000178125
TGTG-CTGA	3	0	1	0.0005036937541974479	0.0005	0.0000201875
TGTG-GACT	3	0	1	0.0005036937541974479	0.0005	0.000016625
TGTG-GGCA	3	0	1	0.0005036937541974479	0.0005	0.00001425
TGTG-TAAA	3	0	1	0.0005036937541974479	0.0005	0.000021374999999999998
TGTG-TGCT	1	0	1	0.000167897918065816	0.0005	0.00002375
TGTT-ACCG	2	0	1	0.000335795836131632	0.0005	0.0000196875
TGTT-CGCG	1	0	1	0.000167897918065816	0.0005	0.000015
TGTT-CGTT	7	0	1	0.0011752854264607119	0.0005	0.000016874999999999997
TGTT-GCTC	3	0	1	0.0005036937541974479	0.0005	0.000015
TGTT-GTTC	5	0	1	0.0008394895903290799	0.0005	0.00001875
TGTT-TACT	3	0	1	0.0005036937541974479	0.0005	0.0000178125
TGTT-TCCT	10	0	1	0.0016789791806581598	0.0005	0.0000159375
TGTT-TTTC	1	0	1	0.000167897918065816	0.0005	0.000013125
TTAA-AAAA	2	0	1	0.000335795836131632	0.0005	0.000018375000000000003
TTAA-AATT	3	0	1	0.0005036937541974479	0.0005	0.00001575
TTAA-CATC	4	0	1	0.000671591672263264	0.0005	0.000014875
TTAA-CCCA	1	0	1	0.000167897918065816	0.0005	0.000010500000000000001
TTAA-GCAC	3	0	1	0.0005036937541974479	0.0005	0.00001575
TTAA-GGCT	4	0	1	0.000671591672263264	0.0005	0.000017500000000000002
TTAA-GGTA	5	0	1	0.0008394895903290799	0.0005	0.000014
TTAA-TCCA	4	0	1	0.000671591672263264	0.0005	0.00001575
TTAA-TCCC	4	0	1	0.000671591672263264	0.0005	0.00001575
TTAC-AAAC	3	0	1	0.0005036937541974479	0.0005	0.0000135
TTAC-ACGC	3	0	1	0.0005036937541974479	0.0005	0.000018
TTAC-ACGG	1	0	1	0.000167897918065816	0.0005	0.000012
TTAC-TCAA	2	0	1	0.000335795836131632	0.0005	0.00001575
TTAC-TGGC	4	0	1	0.000671591672263264	0.0005	0.000011249999999999999
TTAC-TTTT	3	0	1	0.0005036937541974479	0.0005	0.000012
TTAG-AAAG	1	0	1	0.000167897918065816	0.0005	0.000015812499999999998
TTAG-AGTA	1	0	1	0.000167897918065816	0.0005	0.000010312499999999998
TTAG-ATTT	2	0	1	0.000335795836131632	0.0005	0.000015124999999999998
TTAG-GGGT	7	0	1	0.0011752854264607119	0.0005	0.000013749999999999999
TTAG-TCGT	4	0	1	0.000671591672263264	0.0005	0.000011
TTAT-AATC	2	0	1	0.000335795836131632	0.0005	0.000023624999999999998
TTAT-ATCG	3	0	1	0.0005036937541974479	0.0005	0.0000170625
TTAT-CCAT	2	0	1	0.000335795836131632	0.0005	0.00002625
TTAT-CGCG	2	0	1	0.000335795836131632	0.0005	0.000021000000000000002
TTAT-CTGC	2	0	1	0.000335795836131632	0.0005	0.00002625
TTAT-CTTT	1	0	1	0.000167897918065816	0.0005	0.000011812499999999999
TTAT-GAAT	4	0	1	0.000671591672263264	0.0005	0.000023624999999999998
TTAT-GATA	2	0	1	0.000335795836131632	0.0005	0.0000249375
TTAT-GCTA	1	0	1	0.000167897918065816	0.0005	0.000023624999999999998
TTAT-TTAA	5	0	1	0.0008394895903290799	0.0005	0.000018375000000000003
TTAT-TTAC	1	0	1	0.000167897918065816	0.0005	0.00001575
TTCA-ACCA	3	0	1	0.0005036937541974479	0.0005	0.000022499999999999998
TTCA-GCCC	1	0	1	0.000167897918065816	0.0005	0.000016874999999999997
TTCA-GGGG	2	0	1	0.000335795836131632	0.0005	0.000018
TTCA-GGTT	1	0	1	0.000167897918065816	0.0005	0.000022499999999999998
TTCA-GTAC	1	0	1	0.000167897918065816	0.0005	0.000018
TTCA-GTGA	4	0	1	0.000671591672263264	0.0005	0.000019125
TTCA-TAGA	2	0	1	0.000335795836131632	0.0005	0.000022499999999999998
TTCA-TATC	1	0	1	0.000167897918065816	0.0005	0.00001575
TTCA-TCTC	4	0	1	0.000671591672263264	0.0005	0.000019125
TTCA-TGTG	4	0	1	0.000671591672263264	0.0005	0.000021374999999999998
TTCC-AAAC	1	0	1	0.000167897918065816	0.0005	0.000021374999999999998
TTCC-AAGT	3	0	1	0.0005036937541974479	0.0005	0.00001425
TTCC-AATT	2	0	1	0.000335795836131632	0.0005	0.000021374999999999998
TTCC-AGGA	2	0	1	0.000335795836131632	0.0005	0.000019
TTCC-ATCT	1	0	1	0.000167897918065816	0.0005	0.00002375
TTCC-ATGT	5	0	1	0.0008394895903290799	0.0005	0.0000285
TTCC-CCGA	3	0	1	0.0005036937541974479	0.0005	0.000019
TTCC-GAGC	3	0	1	0.0005036937541974479	0.0005	0.0000178125
TTCC-GGTC	1	0	1	0.000167897918065816	0.0005	0.0000178125
TTCC-GTTG	4	0	1	0.000671591672263264	0.0005	0.00001425
TTCC-TATT	1	0	1	0.000167897918065816	0.0005	0.000019
TTCG-CGCC	3	0	1	0.0005036937541974479	0.0005	0.00001575
TTCG-GAAA	2	0	1	0.000335795836131632	0.0005	0.000008249999999999999
TTCG-GTTT	2	0	1	0.000335795836131632	0.0005	0.000012750000000000002
TTCG-TCGA	3	0	1	0.0005036937541974479	0.0005	0.000010500000000000001
TTCG-TGCG	2	0	1	0.000335795836131632	0.0005	0.000015
TTCG-TTGA	3	0	1	0.0005036937541974479	0.0005	0.000011249999999999999
TTCT-ACAA	1	0	1	0.000167897918065816	0.0005	0.000012750000000000002
TTCT-CACT	1	0	1	0.000167897918065816	0.0005	0.000017000000000000003
TTCT-CAGC	2	0	1	0.000335795836131632	0.0005	0.000019125
TTCT-CTTC	2	0	1	0.000335795836131632	0.0005	0.000017000000000000003
TTCT-GTCC	2	0	1	0.000335795836131632	0.0005	0.000014875
TTCT-TGTG	1	0	1	0.000167897918065816	0.0005	0.0000201875
TTGA-ACCA	3	0	1	0.0005036937541974479	0.0005	0.00001875
TTGA-ATGT	7	0	1	0.0011752854264607119	0.0005	0.000022499999999999998
TTGA-CGGA	6	0	1	0.0010073875083948958	0.0005	0.000015
TTGA-CTTA	2	0	1	0.000335795836131632	0.0005	0.000013125
TTGA-GACA	3	0	1	0.0005036937541974479	0.0005	0.00001875
TTGC-AATA	2	0	1	0.000335795836131632	0.0005	0.000018
TTGC-ACGA	2	0	1	0.000335795836131632	0.0005	0.000021000000000000002
TTGC-ACTA	2	0	1	0.000335795836131632	0.0005	0.000022499999999999998
TTGC-ACTT	4	0	1	0.000671591672263264	0.0005	0.000015
TTGC-ATAG	5	0	1	0.0008394895903290799	0.0005	0.0000195
TTGC-CACG	2	0	1	0.000335795836131632	0.0005	0.000021000000000000002
TTGC-CCAA	4	0	1	0.000671591672263264	0.0005	0.000016499999999999998
TTGC-CTAG	2	0	1	0.000335795836131632	0.0005	0.000024
TTGC-CTTC	1	0	1	0.000167897918065816	0.0005	0.000024
TTGC-CTTG	2	0	1	0.000335795836131632	0.0005	0.000027
TTGC-GATC	1	0	1	0.000167897918065816	0.0005	0.000016499999999999998
TTGC-GCTG	2	0	1	0.000335795836131632	0.0005	0.000021000000000000002
TTGC-TATT	3	0	1	0.0005036937541974479	0.0005	0.000024
TTGC-TCCC	5	0	1	0.0008394895903290799	0.0005	0.000027
TTGC-TTAG	4	0	1	0.000671591672263264	0.0005	0.000016499999999999998
TTGC-TTCT	2	0	1	0.000335795836131632	0.0005	0.000025500000000000003
TTGG-ACGA	8	0	1	0.001343183344526528	0.0005	0.000013125
TTGG-CAGG	3	0	1	0.0005036937541974479	0.0005	0.0000159375
TTGG-GCAA	1	0	1	0.000167897918065816	0.0005	0.000008437499999999998
TTGG-TCTC	2	0	1	0.000335795836131632	0.0005	0.0000159375
TTGG-TGGC	4	0	1	0.000671591672263264	0.0005	0.0000140625
TTGG-TGTG	5	0	1	0.0008394895903290799	0.0005	0.0000178125
TTGT-AAGT	3	0	1	0.0005036937541974479	0.0005	0.00001425
TTGT-ACCG	1	0	1	0.000167897918065816	0.0005	0.0000249375
TTGT-AGGG	2	0	1	0.000335795836131632	0.0005	0.0000178125
TTGT-CATC	2	0	1	0.000335795836131632	0.0005	0.0000201875
TTGT-CCGA	1	0	1	0.000167897918065816	0.0005	0.000019
TTGT-CGGG	1	0	1	0.000167897918065816	0.0005	0.000016625
TTGT-CTAA	5	0	1	0.0008394895903290799	0.0005	0.0000225625
TTGT-GGAA	2	0	1	0.000335795836131632	0.0005	0.00002375
TTGT-TGAG	2	0	1	0.000335795836131632	0.0005	0.00002375
TTGT-TGCA	3	0	1	0.0005036937541974479	0.0005	0.0000201875
TTGT-TGTG	2	0	1	0.000335795836131632	0.0005	0.0000225625
TTTA-ACAG	3	0	1	0.0005036937541974479	0.0005	0.000014875
TTTA-ACTT	2	0	1	0.000335795836131632	0.0005	0.000010625
TTTA-ATTT	4	0	1	0.000671591672263264	0.0005	0.000023375
TTTA-CCAG	11	0	1	0.0018468770987239758	0.0005	0.0000159375
TTTA-CCGT	5	0	1	0.0008394895903290799	0.0005	0.000014875
TTTA-CGTA	2	0	1	0.000335795836131632	0.0005	0.0000116875
TTTA-GCGG	2	0	1	0.000335795836131632	0.0005	0.000022312500000000004
TTTA-GGAT	4	0	1	0.000671591672263264	0.0005	0.000012750000000000002
TTTA-TTAT	3	0	1	0.0005036937541974479	0.0005	0.000022312500000000004
TTTC-ATTG	1	0	1	0.000167897918065816	0.0005	0.000014
TTTC-CAGC	2	0	1	0.000335795836131632	0.0005	0.00001575
TTTC-CCAG	6	0	1	0.0010073875083948958	0.0005	0.000013125
TTTC-CGAC	3	0	1	0.0005036937541974479	0.0005	0.000014
TTTC-CTTC	5	0	1	0.0008394895903290799	0.0005	0.000014
TTTC-TGTA	5	0	1	0.0008394895903290799	0.0005	0.00001575
TTTC-TGTT	2	0	1	0.000335795836131632	0.0005	0.000013125
TTTC-TTGA	2	0	1	0.000335795836131632	0.0005	0.000013125
TTTG-ATTC	1	0	1	0.000167897918065816	0.0005	0.000013125
TTTG-CGAG	3	0	1	0.0005036937541974479	0.0005	0.000013125
TTTG-CTCC	4	0	1	0.000671591672263264	0.0005	0.0000140625
TTTG-GCAC	3	0	1	0.0005036937541974479	0.0005	0.000016874999999999997
TTTG-GCGC	1	0	1	0.000167897918065816	0.0005	0.000016874999999999997
TTTG-GCGT	3	0	1	0.0005036937541974479	0.0005	0.000013125
TTTG-TACT	3	0	1	0.0005036937541974479	0.0005	0.0000178125
TTTG-TATA	1	0	1	0.000167897918065816	0.0005	0.0000178125
TTTG-TTGG	2	0	1	0.000335795836131632	0.0005	0.0000140625
TTTT-AAAA	3	0	1	0.0005036937541974479	0.0005	0.000021000000000000002
TTTT-ATTT	2	0	1	0.000335795836131632	0.0005	0.000022
TTTT-CAAC	7	0	1	0.0011752854264607119	0.0005	0.000017000000000000003
TTTT-CACC	4	0	1	0.000671591672263264	0.0005	0.000017000000000000003
TTTT-CGGT	2	0	1	0.000335795836131632	0.0005	0.000016
TTTT-GATC	10	0	1	0.0016789791806581598	0.0005	0.000011
TTTT-TAGA	2	0	1	0.000335795836131632	0.0005	0.00002
