{"mode": "bam", "runtime_info": {"qc3C_version": "qc3C 0.4a2", "run_timestamp": "2020-06-07 22:53:47.685234"}, "input_args": {"bam_file": "mac_qc3C/DRR177159.bam", "fasta_file": "mac_qc3C/GCF_000230535.1_PelSin_1.0_genomic.fna.gz", "enzymes": ["DpnII"], "seed": 12345, "sample_rate": 0.5, "min_mapq": 60, "max_obs": 200000}, "n_parsed_reads": 1652909, "n_analysed_reads": 1168945, "n_accepted_reads": 810989, "n_skipped_reads": 483964, "n_unmapped": 0, "n_low_mapq": 255320, "n_ref_len": 2246, "n_secondary": 0, "n_supplementary": 0, "n_weak_mapping": 143446, "n_ref_term": 983, "n_analysed_pairs": 200000, "n_accepted_pairs": 200000, "n_trans_pairs": 117527, "n_cis_pairs": 82473, "n_fully_aligned": 174361, "n_align_term": 225639, "n_no_site_end": 195391, "n_short_inserts": 6139, "classification": {"informative": {"fr": 19974, "rf": 18841, "ffrr": 39233}, "uninformative": {"religation": 427, "dangling_ends": 3289, "self_circle": 389, "ffrr": 320}}, "obs_insert_mean": 222.60756634669679, "obs_insert_median": 219.0, "mean_readlen": 127.0, "unobs_frac": 0, "digest_stats": {"cs_start": 33450, "cs_term": 204609, "cs_full": 2089, "read_thru": 196880, "is_split": 145899, "vestigial": ["GATC"]}, "separation_bins": {"counts": [76321, 66179, 58925], "vs_all_cis": ["92.541", "80.243", "71.448"], "zvs_accepted": ["38.161", "33.09", "29.463"]}, "digestion": {"cutsites": {"GATC": {"name": "DpnII", "site": "GATC", "site_len": 4}}, "junctions": {"GATCGATC": {"enz5p": "DpnII", "enz3p": "DpnII", "junction": "GATCGATC", "vestigial": "GATC", "junc_len": 8, "vest_len": 4, "pattern": "GATCGATC", "cross": true}}}, "junction_frequency": {"DpnII/DpnII GATCGATC": 196880}, "remnant_frequency": {"DpnII GATC": 204609}, "separation_histogram": {"mid_points": ["10.617", "11.926", "13.397", "15.049", "16.905", "18.989", "21.331", "23.962", "26.917", "30.237", "33.965", "38.154", "42.859", "48.145", "54.083", "60.752", "68.244", "76.661", "86.115", "96.735", "108.66", "122.07", "137.12", "154.03", "173.02", "194.36", "218.33", "245.26", "275.5", "309.48", "347.65", "390.52", "438.68", "492.78", "553.55", "621.82", "698.5", "784.64", "881.41", "990.11", "1112.2", "1249.4", "1403.5", "1576.5", "1771", "1989.4", "2234.7", "2510.3", "2819.9", "3167.6", "3558.3", "3997.1", "4490", "5043.8", "5665.8", "6364.5", "7149.4", "8031.1", "9021.5", "10134", "11384", "12788", "14365", "16136", "18126", "20362", "22873", "25694", "28862", "32422", "36420", "40911", "45957", "51624", "57991", "65143", "73176", "82201", "92338", "1.0373e+05", "1.1652e+05", "1.3089e+05", "1.4703e+05", "1.6516e+05", "1.8553e+05", "2.0841e+05", "2.3411e+05", "2.6298e+05", "2.9541e+05", "3.3185e+05", "3.7277e+05", "4.1874e+05", "4.7038e+05", "5.2839e+05", "5.9356e+05", "6.6675e+05", "7.4898e+05", "8.4135e+05", "9.4511e+05"], "counts": ["0", "0", "0", "0", "0", "0", "0", "0", "0", "1.5129e-05", "1.6835e-05", "5.9947e-06", "0", "4.7507e-06", "4.2291e-06", "1.8824e-06", "8.3787e-06", "1.4918e-05", "1.7264e-05", "4.1377e-05", "7.4722e-05", "0.00014803", "0.00016847", "0.00021309", "0.00024587", "0.00023889", "0.00024042", "0.00020237", "0.00018762", "0.0001552", "0.00012402", "8.9024e-05", "7.2994e-05", "5.825e-05", "5.4128e-05", "4.9105e-05", "4.0439e-05", "4.3433e-05", "4.0222e-05", "4.2505e-05", "4.2774e-05", "4.5584e-05", "4.335e-05", "3.8083e-05", "4.0166e-05", "3.7193e-05", "3.5618e-05", "3.4578e-05", "3.4188e-05", "3.1518e-05", "3.1464e-05", "2.8239e-05", "2.7304e-05", "2.6619e-05", "2.4201e-05", "2.149e-05", "1.8715e-05", "1.7728e-05", "1.6517e-05", "1.4162e-05", "1.3311e-05", "1.1214e-05", "1.0039e-05", "9.0432e-06", "8.4163e-06", "7.2621e-06", "6.7698e-06", "5.9197e-06", "5.0004e-06", "4.5396e-06", "4.0036e-06", "3.8044e-06", "3.3917e-06", "3.046e-06", "2.6761e-06", "2.4139e-06", "2.2145e-06", "1.9477e-06", "1.7686e-06", "1.5094e-06", "1.4428e-06", "1.2241e-06", "1.1434e-06", "9.8185e-07", "8.8331e-07", "7.8304e-07", "6.79e-07", "5.9098e-07", "5.4661e-07", "4.4146e-07", "4.0557e-07", "3.5039e-07", "2.9369e-07", "2.6405e-07", "2.2562e-07", "1.8421e-07", "1.5895e-07", "1.362e-07", "1.0939e-07"]}}
