{"mode": "bam", "runtime_info": {"qc3C_version": "qc3C 0.5rc6", "run_timestamp": "2020-08-23 04:57:33.302456"}, "input_args": {"bam_file": "DRR177159.bam", "fasta_file": "GCF_000230535.1_PelSin_1.0_genomic.fna.gz", "enzymes": ["DpnII"], "seed": 12345, "sample_rate": null, "min_mapq": 60, "max_obs": 200000}, "n_parsed_reads": 1114588, "n_analysed_reads": 1103813, "n_accepted_reads": 570001, "n_skipped_reads": 0, "n_unmapped": 10775, "n_low_mapq": 255767, "n_ref_len": 2051, "n_secondary": 0, "n_supplementary": 284066, "n_duplicate": 0, "n_weak_mapping": 70654, "n_ref_term": 83, "n_analysed_pairs": 200000, "n_accepted_pairs": 200000, "n_trans_pairs": 117428, "n_cis_pairs": 82572, "n_fully_aligned": 175267, "n_align_term": 224733, "n_no_site_end": 195767, "n_short_inserts": 6113, "classification": {"informative": {"fr": 20460, "rf": 18988, "ffrr": 39135}, "uninformative": {"religation": 424, "dangling_ends": 3295, "self_circle": 378, "ffrr": 316}}, "obs_insert_mean": 218.98393222319604, "obs_insert_median": 216.0, "mean_readlen": 126.614025, "unobs_fraction": 0.0, "digest_stats": {"cs_start": 33446, "cs_term": 204233, "cs_full": 2056, "read_thru": 196614, "is_split": 146037, "vestigial": ["GATC"]}, "separation_bins": {"bins": [1000, 5000, 10000], "counts": [76459, 66326, 59088], "vs_all_cis": [92.59676403623504, 80.32504965363562, 71.55936637116697], "vs_accepted": [38.2295, 33.163, 29.543999999999997]}, "digestion": {"cutsites": {"GATC": {"name": "DpnII", "site": "GATC", "site_len": 4}}, "junctions": {"GATCGATC": {"enz5p": "DpnII", "enz3p": "DpnII", "junction": "GATCGATC", "vestigial": "GATC", "junc_len": 8, "vest_len": 4, "pattern": "GATCGATC", "cross": true}}}, "junction_frequency": {"DpnII/DpnII GATCGATC": 196614}, "remnant_frequency": {"DpnII GATC": 204233}, "separation_histogram": {"mid_points": [10.616620164890138, 11.92590458022024, 13.396655229964129, 15.048784781339489, 16.904661611992637, 18.98941265811241, 21.33126361099484, 23.96192106802016, 26.917001812029568, 30.236515031165933, 33.96540400801006, 38.15415461200591, 42.85947883362568, 48.145082614724814, 54.08252837083299, 60.75220388317268, 68.24441067834891, 76.66058663141169, 86.11467934525882, 96.7346889007258, 108.66440086483811, 122.06533302063097, 137.1189221755412, 154.02898065582917, 173.02445574580054, 194.36252943220097, 218.33210042159047, 245.25769557414475, 275.50386371124563, 309.4801112851452, 347.64644673531814, 390.51960859719844, 438.6800616864058, 492.7798560806233, 553.5514553028175, 621.8176532316174, 698.5027140050729, 784.644885742276, 881.4104575075971, 990.1095498364425, 1112.2138526123315, 1249.3765504505132, 1403.4547053602469, 1576.534399727262, 1770.958980030221, 1989.3607836862013, 2234.6967785787137, 2510.288597796047, 2819.8675116150134, 3167.6249456110904, 3558.269228865654, 3997.089340590983, 4490.026518246148, 5043.754696654552, 5665.770867197858, 6364.496580470115, 7149.391966648556, 8031.083817316365, 9021.509462852388, 10134.078393360785, 11383.853811345534, 12787.756574192957, 14364.794287663703, 16136.318652118109, 18126.31454571589, 20361.72475852188, 22872.81477413135, 25693.58253763662, 28862.21875783176, 32421.623975741655, 36419.98940012723, 40911.449373967946, 45956.814305742075, 51624.39398874845, 57990.922455487496, 65142.596888814296, 73176.24465580487, 82200.63426494556, 92337.94799585041, 103725.43613961406, 116517.27524675612, 130886.65554179688, 147028.12576621718, 165160.22719690777, 185528.45250239776, 208408.5694971659, 234110.35479473774, 262981.78790994175, 295413.7625947681, 331845.37919516815, 372769.88968263916, 418741.3758510767, 470382.25109579955, 528391.6873422167, 593555.0812173234, 666754.6876276445, 748981.5647128907, 841348.9918994781, 945107.5427225197], "counts": [0.0, 0.0, 0.0, 0.0, 0.0, 0.0, 0.0, 0.0, 0.0, 0.0, 0.0, 0.0, 0.0, 0.0, 2.110323240851548e-06, 1.8786415841713117e-06, 6.689580313494638e-06, 1.0421539293145877e-05, 2.3856200980243038e-05, 4.011461665537274e-05, 7.457221233633897e-05, 0.0001411856558436573, 0.00016813570422156263, 0.00021784663588212238, 0.00024670052799087686, 0.0002378200409088701, 0.00024150734931768975, 0.0002033596389846143, 0.00019097617913040293, 0.00014862034680234796, 0.00011391938940558484, 9.235282949751787e-05, 6.816467431829843e-05, 5.465942077837102e-05, 5.3606977305230024e-05, 4.496856258132797e-05, 3.986829811626686e-05, 4.785515400100668e-05, 4.16949676673961e-05, 4.115199890081776e-05, 4.217542722544913e-05, 4.5127322545705284e-05, 4.123020811950788e-05, 4.1481756624903415e-05, 3.931219575241167e-05, 3.711903668261462e-05, 3.799796174739743e-05, 3.532672145079619e-05, 3.444346419812919e-05, 3.044590746582375e-05, 3.101656060864757e-05, 2.8325252193607944e-05, 2.702030999021916e-05, 2.5479470743271974e-05, 2.3226098788821423e-05, 2.1823906349712063e-05, 1.9475862120083163e-05, 1.7891944412323246e-05, 1.5598751381841206e-05, 1.4652070702581029e-05, 1.3344266725383562e-05, 1.1656140804913175e-05, 1.0241403446537599e-05, 9.209000388825463e-06, 8.286141509592916e-06, 7.281159707744343e-06, 6.811127450745409e-06, 5.854593083153736e-06, 5.306751732723438e-06, 4.326364306696407e-06, 4.152236022385373e-06, 3.7856542855723682e-06, 3.245873872629464e-06, 3.050914861420039e-06, 2.5762357233075035e-06, 2.477366784594882e-06, 2.2677765337229223e-06, 1.966047713291358e-06, 1.6945844008814547e-06, 1.5030429757904081e-06, 1.4222707051152768e-06, 1.226015381002702e-06, 1.1550704637898094e-06, 9.923272941686982e-07, 9.036853509162411e-07, 7.984503579870662e-07, 6.810543192467305e-07, 5.871892438355469e-07, 5.24656447643889e-07, 4.5398774032882635e-07, 4.099639986583561e-07, 3.584147266355366e-07, 3.003832328994688e-07, 2.6675769095088837e-07, 2.247809242361356e-07, 1.8486881030736148e-07, 1.5619197116480593e-07, 1.3131222106312438e-07, 1.0783908599552115e-07]}}
