{"mode": "bam", "runtime_info": {"qc3C_version": "qc3C 0.5a1", "run_timestamp": "2020-06-13 22:11:31.099930"}, "input_args": {"bam_file": "mac_qc3C/DRR/clean/DRR177159.bam", "fasta_file": "mac_qc3C/DRR/GCF_000230535.1_PelSin_1.0_genomic.fna.gz", "enzymes": ["DpnII"], "seed": 12345, "sample_rate": null, "min_mapq": 60, "max_obs": 200000}, "n_parsed_reads": 1114588, "n_analysed_reads": 1103813, "n_accepted_reads": 570001, "n_skipped_reads": 0, "n_unmapped": 10775, "n_low_mapq": 255766, "n_ref_len": 2063, "n_secondary": 0, "n_supplementary": 284064, "n_weak_mapping": 70655, "n_ref_term": 83, "n_analysed_pairs": 200000, "n_accepted_pairs": 200000, "n_trans_pairs": 117427, "n_cis_pairs": 82573, "n_fully_aligned": 175267, "n_align_term": 224733, "n_no_site_end": 195766, "n_short_inserts": 6113, "classification": {"informative": {"fr": 20460, "rf": 18989, "ffrr": 39135}, "uninformative": {"religation": 424, "dangling_ends": 3295, "self_circle": 378, "ffrr": 316}}, "obs_insert_mean": 218.98393222319604, "obs_insert_median": 216.0, "mean_readlen": 126.614025, "unobs_fraction": 0.0092592592592593, "digest_stats": {"cs_start": 33445, "cs_term": 204234, "cs_full": 2056, "read_thru": 196615, "is_split": 146037, "vestigial": ["GATC"]}, "separation_bins": {"bins": [1000, 5000, 10000], "counts": [76460, 66327, 59089], "vs_all_cis": [92.59685369309581, 80.32528792704638, 71.55971080135153], "vs_accepted": [38.23, 33.1635, 29.544500000000003]}, "digestion": {"cutsites": {"GATC": {"name": "DpnII", "site": "GATC", "site_len": 4}}, "junctions": {"GATCGATC": {"enz5p": "DpnII", "enz3p": "DpnII", "junction": "GATCGATC", "vestigial": "GATC", "junc_len": 8, "vest_len": 4, "pattern": "GATCGATC", "cross": true}}}, "junction_frequency": {"DpnII/DpnII GATCGATC": 196615}, "remnant_frequency": {"DpnII GATC": 204234}, "separation_histogram": {"mid_points": [10.616620164890138, 11.92590458022024, 13.396655229964129, 15.048784781339489, 16.904661611992637, 18.98941265811241, 21.33126361099484, 23.96192106802016, 26.917001812029568, 30.236515031165933, 33.96540400801006, 38.15415461200591, 42.85947883362568, 48.145082614724814, 54.08252837083299, 60.75220388317268, 68.24441067834891, 76.66058663141169, 86.11467934525882, 96.7346889007258, 108.66440086483811, 122.06533302063097, 137.1189221755412, 154.02898065582917, 173.02445574580054, 194.36252943220097, 218.33210042159047, 245.25769557414475, 275.50386371124563, 309.4801112851452, 347.64644673531814, 390.51960859719844, 438.6800616864058, 492.7798560806233, 553.5514553028175, 621.8176532316174, 698.5027140050729, 784.644885742276, 881.4104575075971, 990.1095498364425, 1112.2138526123315, 1249.3765504505132, 1403.4547053602469, 1576.534399727262, 1770.958980030221, 1989.3607836862013, 2234.6967785787137, 2510.288597796047, 2819.8675116150134, 3167.6249456110904, 3558.269228865654, 3997.089340590983, 4490.026518246148, 5043.754696654552, 5665.770867197858, 6364.496580470115, 7149.391966648556, 8031.083817316365, 9021.509462852388, 10134.078393360785, 11383.853811345534, 12787.756574192957, 14364.794287663703, 16136.318652118109, 18126.31454571589, 20361.72475852188, 22872.81477413135, 25693.58253763662, 28862.21875783176, 32421.623975741655, 36419.98940012723, 40911.449373967946, 45956.814305742075, 51624.39398874845, 57990.922455487496, 65142.596888814296, 73176.24465580487, 82200.63426494556, 92337.94799585041, 103725.43613961406, 116517.27524675612, 130886.65554179688, 147028.12576621718, 165160.22719690777, 185528.45250239776, 208408.5694971659, 234110.35479473774, 262981.78790994175, 295413.7625947681, 331845.37919516815, 372769.88968263916, 418741.3758510767, 470382.25109579955, 528391.6873422167, 593555.0812173234, 666754.6876276445, 748981.5647128907, 841348.9918994781, 945107.5427225197], "counts": [0.0, 0.0, 0.0, 0.0, 0.0, 0.0, 0.0, 0.0, 0.0, 0.0, 0.0, 0.0, 0.0, 0.0, 2.1102952632402734e-06, 1.8786166780797001e-06, 6.68949162638075e-06, 1.0421401129584209e-05, 2.385588470664826e-05, 4.011408483582515e-05, 7.45712236952018e-05, 0.00014118378407476412, 0.00016813347516239147, 0.0002178437477802533, 0.0002466972573585207, 0.00023781688800957528, 0.00024150414753390214, 0.00020335694294411284, 0.00019097364726362582, 0.00014861837646803618, 0.0001139178791192307, 9.235160512984102e-05, 6.816377062509929e-05, 5.46586961310765e-05, 5.36062666107053e-05, 4.4967966410590176e-05, 3.9867769562287406e-05, 4.7854519561281896e-05, 4.169441489634429e-05, 4.11514533281746e-05, 4.217486808470452e-05, 4.512672427020719e-05, 4.122966151000597e-05, 4.148120668049708e-05, 3.931167457095954e-05, 3.711854457696981e-05, 3.7997457989403186e-05, 3.532625310677134e-05, 3.4443007563887744e-05, 3.04455038291924e-05, 3.101614940658193e-05, 2.832487667156478e-05, 2.7019951768447824e-05, 2.5479132949177615e-05, 2.3225790868806722e-05, 2.1823617019264228e-05, 1.9475603918832717e-05, 1.7891707209862488e-05, 1.559854458138804e-05, 1.4651876452747376e-05, 1.3344089813761701e-05, 1.1655986273621432e-05, 1.0241267671126994e-05, 9.21595117169738e-06, 8.286031656068283e-06, 7.28106317776638e-06, 6.811037152220295e-06, 5.854515465883414e-06, 5.306681378460055e-06, 4.3263069499197474e-06, 4.152180974114518e-06, 3.785604097259046e-06, 3.245830840455199e-06, 3.050874413914949e-06, 2.5762015688612917e-06, 2.4773339409036675e-06, 2.2677464686745494e-06, 1.966021648412952e-06, 1.6945619349280299e-06, 1.503023049197509e-06, 1.422251849360791e-06, 1.22599912710326e-06, 1.1550551504426381e-06, 9.92314138389168e-07, 9.03673370307312e-07, 7.984397725311012e-07, 6.810452901687996e-07, 5.871814591738937e-07, 5.246494920108083e-07, 4.539817215861633e-07, 4.099585635604672e-07, 3.5840997495214376e-07, 3.0037925056862923e-07, 2.667541544106857e-07, 2.247779442029357e-07, 1.8486635940902918e-07, 1.561899004496809e-07, 1.3131048019129707e-07, 1.0783765631879211e-07]}}
