{
    "InputFileName": "DS184660.bam",
    "InputFileSize": 55590928353,
    "TotalRecords": 999415788,
    "UnfilteredRecords": 999415788,
    "UnfilteredRecordsPct": 100.000000,
    "FilteredRecords": 0,
    "FilteredRecordsPct": 0.000000,
    "YieldReads": 999415788,
    "YieldBases": 134178052543,
    "UnmappedReads": 42198706,
    "UnmappedReadsPct": 4.222337,
    "UnmappedBases": 1861460996,
    "UnmappedBasesPct": 1.387307,
    "DuplicateReads": 92522068,
    "DuplicateReadsPct": 9.665735,
    "DuplicateBases": 12633376138,
    "DuplicateBasesPct": 9.780467,
    "MappedReads": 957217082,
    "MappedReadsPct": 95.777663,
    "MappedBases": 132316591547,
    "MappedBasesPct": 98.612693,
    "AlignedBases": 129169451998,
    "AlignedBasesPct": 96.267198,
    "MatchedBases": 127840824373,
    "MatchedBasesPct": 98.971407,
    "MismatchedBases": 1036012228,
    "MismatchedBasesPct": 0.802057,
    "InsertedBases": 292615397,
    "InsertedBasesPct": 0.226536,
    "DeletedBases": 58060685,
    "DeletedBasesPct": 0.044949,
    "SoftClippedReads": 62143724,
    "SoftClippedReadsPct": 6.492124,
    "SoftClippedBases": 3147139549,
    "SoftClippedBasesPct": 2.378492,
    "PerfectReads": 660765852,
    "PerfectReadsPct": 69.029885,
    "PerfectBases": 88018086014,
    "PerfectBasesPct": 66.520823,
    "Q20Bases": 124303705605,
    "Q20BasesPct": 96.233052,
    "R1YieldReads": 495790708,
    "R1YieldBases": 64682514068,
    "R1UnmappedReads": 39223615,
    "R1UnmappedReadsPct": 7.911325,
    "R1UnmappedBases": 1420235337,
    "R1UnmappedBasesPct": 2.195702,
    "R1MappedReads": 456567093,
    "R1MappedReadsPct": 92.088675,
    "R1MappedBases": 63262278731,
    "R1MappedBasesPct": 97.804298,
    "R1AlignedBases": 62713926697,
    "R1AlignedBasesPct": 96.956539,
    "R1MatchedBases": 62430997052,
    "R1MatchedBasesPct": 99.548857,
    "R1MismatchedBases": 265175942,
    "R1MismatchedBasesPct": 0.422834,
    "R1InsertedBases": 17753703,
    "R1InsertedBasesPct": 0.028309,
    "R1DeletedBases": 24922354,
    "R1DeletedBasesPct": 0.039740,
    "R1SoftClippedReads": 16032918,
    "R1SoftClippedReadsPct": 3.511624,
    "R1SoftClippedBases": 548352034,
    "R1SoftClippedBasesPct": 0.866791,
    "R1PerfectReads": 336379567,
    "R1PerfectReadsPct": 73.675824,
    "R1PerfectBases": 45786255305,
    "R1PerfectBasesPct": 72.375286,
    "R1Q20Bases": 61333823514,
    "R1Q20BasesPct": 97.799367,
    "R2YieldReads": 503625080,
    "R2YieldBases": 69495538475,
    "R2UnmappedReads": 2975091,
    "R2UnmappedReadsPct": 0.590735,
    "R2UnmappedBases": 441225659,
    "R2UnmappedBasesPct": 0.634898,
    "R2MappedReads": 500649989,
    "R2MappedReadsPct": 99.409265,
    "R2MappedBases": 69054312816,
    "R2MappedBasesPct": 99.365102,
    "R2AlignedBases": 66455525301,
    "R2AlignedBasesPct": 95.625600,
    "R2MatchedBases": 65409827321,
    "R2MatchedBasesPct": 98.426469,
    "R2MismatchedBases": 770836286,
    "R2MismatchedBasesPct": 1.159928,
    "R2InsertedBases": 274861694,
    "R2InsertedBasesPct": 0.413602,
    "R2DeletedBases": 33138331,
    "R2DeletedBasesPct": 0.049865,
    "R2SoftClippedReads": 46110806,
    "R2SoftClippedReadsPct": 9.210188,
    "R2SoftClippedBases": 2598787515,
    "R2SoftClippedBasesPct": 3.763396,
    "R2PerfectReads": 324386285,
    "R2PerfectReadsPct": 64.793027,
    "R2PerfectBases": 42231830709,
    "R2PerfectBasesPct": 61.157412,
    "R2Q20Bases": 62969882091,
    "R2Q20BasesPct": 94.754923,
    "AlignedReadLengthMean": 134.942694,
    "AlignedReadLengthMedian": 150,
    "AlignedReadLengthMode": 151,
    "AlignedReadLengthStandardDeviation": 30.625326,
    "R1AlignedReadLengthMean": 137.359717,
    "R1AlignedReadLengthMedian": 150,
    "R1AlignedReadLengthMode": 151,
    "R1AlignedReadLengthStandardDeviation": 27.914400,
    "R2AlignedReadLengthMean": 132.738493,
    "R2AlignedReadLengthMedian": 150,
    "R2AlignedReadLengthMode": 151,
    "R2AlignedReadLengthStandardDeviation": 32.748249,
    "TotalPairs": 456162349,
    "TotalSameChrPairs": 444985010,
    "TotalSameChrPairsPct": 88.356404,
    "UnpairedReads": 524026,
    "UnpairedReadsPct": 0.104051,
    "R1UnpairedReads": 2451065,
    "R1UnpairedReadsPct": 0.486684,
    "R2UnpairedReads": 44487640,
    "R2UnpairedReadsPct": 8.833484,
    "ChimericReadPairPct": 3.005516,
    "InsertSizeMean": 348.505811,
    "InsertSizeMedian": 298,
    "InsertSizeMode": 106,
    "InsertSizeStandardDeviation": 233.403300,
    "WgsTotalReads": 999415788,
    "WgsCovDuplicateReads": 92522068,
    "WgsCovDuplicateReadsPct": 9.257615,
    "WgsAlignedReads": 957217082,
    "WgsAlignedReadsPct": 95.777663,
    "WgsReadsPaired": 957217082,
    "WgsReadsPairedWithMates": 910222103,
    "WgsCoverageMean": 37.618453,
    "WgsCoverageMedian": 19,
    "WgsCoverageStandardDeviation": -nan,
    "WgsExpectedAlignedReads": 957217082,
    "WgsCalculatedAlignedReads": 864695014,
    "WgsCoverageBases1": 2897514619,
    "WgsCoverageBases1Pct": 92.352244,
    "WgsCoverageBases10": 2886774368,
    "WgsCoverageBases10Pct": 92.009921,
    "WgsCoverageBases15": 2855226981,
    "WgsCoverageBases15Pct": 91.004414,
    "WgsCoverageBases20": 2780884337,
    "WgsCoverageBases20Pct": 88.634897,
    "WgsCoverageBases30": 2434698451,
    "WgsCoverageBases30Pct": 77.600943,
    "WgsCoverageBases40": 1331736024,
    "WgsCoverageBases40Pct": 42.446312,
    "WgsCoverageBases50": 329218461,
    "WgsCoverageBases50Pct": 10.493153,
    "WgsCoverageBases100": 11309666,
    "WgsCoverageBases100Pct": 0.360472,
    "WgsCoverageBases1000": 1070565,
    "WgsCoverageBases1000Pct": 0.034122,
    "CapTotalReads": 999415788,
    "CapCovDuplicateReads": 92522068,
    "CapCovDuplicateReadsPct": 9.257615,
    "CapAlignedReads": 957217082,
    "CapAlignedReadsPct": 95.777663,
    "CapReadsPaired": 957217082,
    "CapReadsPairedWithMates": 910222103,
    "CapCoverageMean": 36.032770,
    "CapCoverageMedian": 19,
    "CapCoverageStandardDeviation": 214.544084,
    "CapExpectedAlignedReads": 957217082,
    "CapCalculatedAlignedReads": 864695014,
    "CapCoverageBases1": 2857319427,
    "CapCoverageBases1Pct": 92.299802,
    "CapCoverageBases10": 2849172502,
    "CapCoverageBases10Pct": 92.036633,
    "CapCoverageBases15": 2819782148,
    "CapCoverageBases15Pct": 91.087238,
    "CapCoverageBases20": 2748684865,
    "CapCoverageBases20Pct": 88.790587,
    "CapCoverageBases30": 2408754925,
    "CapCoverageBases30Pct": 77.809853,
    "CapCoverageBases40": 1311722094,
    "CapCoverageBases40Pct": 42.372473,
    "CapCoverageBases50": 314485624,
    "CapCoverageBases50Pct": 10.158809,
    "CapCoverageBases100": 4613082,
    "CapCoverageBases100Pct": 0.149016,
    "CapCoverageBases1000": 238723,
    "CapCoverageBases1000Pct": 0.007711,
    "CapBufferAlignedReads": 0,
    "CapBufferAlignedReadsPct": 0.000000,
    "CapTargetAlignedReads": 815701147,
    "CapTargetAlignedReadsPct": 85.215900,
    "CapTargetsHit": 25,
    "CapTargetsHitPct": 100.000000,
    "CapTargetBuffersHit": 0,
    "CapTargetBuffersHitPct": 0.000000,
    "CapTotalTargets": 25,
    "CapHighCoverageNonTargetHits": 8205,
    "CapBasesOnTarget": 3095693981,
    "CapBasesOnBuffer": 0,
    "CapReadsOnTargetOrBuffer": 815701147,
    "CapReadsOnTargetOrBufferPct": 85.215900
}
