{"mode": "bam", "runtime_info": {"qc3C_version": "qc3C 0.5rc6", "run_timestamp": "2020-08-23 04:59:03.386924"}, "input_args": {"bam_file": "DRR177165.bam", "fasta_file": "Homo_sapiens.GRCh37.dna.primary_assembly.fa.gz", "enzymes": ["HindIII"], "seed": 12345, "sample_rate": null, "min_mapq": 60, "max_obs": 200000}, "n_parsed_reads": 780503, "n_analysed_reads": 774565, "n_accepted_reads": 485625, "n_skipped_reads": 0, "n_unmapped": 5938, "n_low_mapq": 91410, "n_ref_len": 0, "n_secondary": 0, "n_supplementary": 174267, "n_duplicate": 0, "n_weak_mapping": 48405, "n_ref_term": 0, "n_analysed_pairs": 200000, "n_accepted_pairs": 200000, "n_trans_pairs": 35990, "n_cis_pairs": 164010, "n_fully_aligned": 206524, "n_align_term": 193476, "n_no_site_end": 219153, "n_short_inserts": 11782, "classification": {"informative": {"fr": 39716, "rf": 36974, "ffrr": 75427}, "uninformative": {"religation": 1828, "dangling_ends": 9318, "self_circle": 1396, "ffrr": 1179}}, "obs_insert_mean": 248.0465901417961, "obs_insert_median": 244.0, "mean_readlen": 126.90859, "unobs_fraction": 0.040983606557377095, "digest_stats": {"cs_start": 41, "cs_term": 180847, "cs_full": 1967, "read_thru": 165860, "is_split": 122656, "vestigial": ["AAGCT"]}, "separation_bins": {"bins": [1000, 5000, 10000], "counts": [152228, 143933, 136788], "vs_all_cis": [92.81629168953113, 87.75867325163101, 83.40223157124565], "vs_accepted": [76.114, 71.9665, 68.394]}, "digestion": {"cutsites": {"AAGCTT": {"name": "HindIII", "site": "AAGCTT", "site_len": 6}}, "junctions": {"AAGCTAGCTT": {"enz5p": "HindIII", "enz3p": "HindIII", "junction": "AAGCTAGCTT", "vestigial": "AAGCT", "junc_len": 10, "vest_len": 5, "pattern": "AAGCTAGCTT", "cross": true}}}, "junction_frequency": {"HindIII/HindIII AAGCTAGCTT": 165860}, "remnant_frequency": {"HindIII AAGCT": 180847}, "separation_histogram": {"mid_points": [10.616620164890138, 11.92590458022024, 13.396655229964129, 15.048784781339489, 16.904661611992637, 18.98941265811241, 21.33126361099484, 23.96192106802016, 26.917001812029568, 30.236515031165933, 33.96540400801006, 38.15415461200591, 42.85947883362568, 48.145082614724814, 54.08252837083299, 60.75220388317268, 68.24441067834891, 76.66058663141169, 86.11467934525882, 96.7346889007258, 108.66440086483811, 122.06533302063097, 137.1189221755412, 154.02898065582917, 173.02445574580054, 194.36252943220097, 218.33210042159047, 245.25769557414475, 275.50386371124563, 309.4801112851452, 347.64644673531814, 390.51960859719844, 438.6800616864058, 492.7798560806233, 553.5514553028175, 621.8176532316174, 698.5027140050729, 784.644885742276, 881.4104575075971, 990.1095498364425, 1112.2138526123315, 1249.3765504505132, 1403.4547053602469, 1576.534399727262, 1770.958980030221, 1989.3607836862013, 2234.6967785787137, 2510.288597796047, 2819.8675116150134, 3167.6249456110904, 3558.269228865654, 3997.089340590983, 4490.026518246148, 5043.754696654552, 5665.770867197858, 6364.496580470115, 7149.391966648556, 8031.083817316365, 9021.509462852388, 10134.078393360785, 11383.853811345534, 12787.756574192957, 14364.794287663703, 16136.318652118109, 18126.31454571589, 20361.72475852188, 22872.81477413135, 25693.58253763662, 28862.21875783176, 32421.623975741655, 36419.98940012723, 40911.449373967946, 45956.814305742075, 51624.39398874845, 57990.922455487496, 65142.596888814296, 73176.24465580487, 82200.63426494556, 92337.94799585041, 103725.43613961406, 116517.27524675612, 130886.65554179688, 147028.12576621718, 165160.22719690777, 185528.45250239776, 208408.5694971659, 234110.35479473774, 262981.78790994175, 295413.7625947681, 331845.37919516815, 372769.88968263916, 418741.3758510767, 470382.25109579955, 528391.6873422167, 593555.0812173234, 666754.6876276445, 748981.5647128907, 841348.9918994781, 945107.5427225197], "counts": [0.0, 0.0, 0.0, 0.0, 0.0, 0.0, 0.0, 0.0, 0.0, 0.0, 0.0, 0.0, 0.0, 0.0, 0.0, 0.0, 0.0, 1.0511607329111365e-06, 2.8072774249948856e-06, 1.666053808506484e-05, 2.2247193502434777e-05, 7.921914905872846e-05, 0.00016513920762536625, 0.0002751848813977279, 0.0003749122715377576, 0.0003901380854791761, 0.00043441032339101973, 0.00039920401625677133, 0.00037058700678111313, 0.0003155812142183405, 0.000265173119036124, 0.00018385528823517577, 0.00011333878052145495, 4.856739056610233e-05, 2.9697058732321778e-05, 2.4881665578221333e-05, 2.4341964501470413e-05, 2.0745288956077868e-05, 2.303899917581908e-05, 2.2707128686284608e-05, 2.1518372278102974e-05, 2.167141128296181e-05, 2.1072153957262884e-05, 2.0956640947101048e-05, 2.1386052239857105e-05, 2.0617950718971216e-05, 2.1275250194468403e-05, 2.1090310976296214e-05, 2.057524710994627e-05, 1.9130457380213024e-05, 1.7845498324530785e-05, 1.854749399812048e-05, 1.6708676180955995e-05, 1.6871404153999074e-05, 1.5431636990743378e-05, 1.431989438139075e-05, 1.3683299915434614e-05, 1.264263657682861e-05, 1.1826331364961374e-05, 1.1005077314048061e-05, 9.931380661532225e-06, 9.08682506272751e-06, 8.341666540024157e-06, 7.500785368060385e-06, 6.7528877260041885e-06, 6.185654842014954e-06, 5.6404400314794845e-06, 5.2532904732396254e-06, 4.5425436188338935e-06, 4.2277647791507725e-06, 3.655202947533895e-06, 3.4154308344933465e-06, 2.9405218705147605e-06, 2.7847175431917335e-06, 2.6040591020365544e-06, 2.2253963074418477e-06, 2.1143280816223222e-06, 1.941025714897805e-06, 1.739275370034879e-06, 1.5677512641217822e-06, 1.4903841447241202e-06, 1.3070611037950052e-06, 1.241392315179277e-06, 1.148041858026025e-06, 1.0354687492041007e-06, 9.29909694639861e-07, 8.371132475146057e-07, 7.455172600947752e-07, 6.816741092390807e-07, 6.087792295048668e-07, 5.521045612416678e-07, 4.880278888138846e-07, 4.174898009303609e-07, 3.791284845941085e-07, 3.299031890697703e-07, 2.796652745372885e-07, 2.362666779624137e-07, 2.048688234001596e-07, 1.828036315674908e-07]}}
