{
	"art_dup_perc": 0.0291635,
	"assembly_size": 960932,
	"bad_cycles_r1": 0,
	"bad_cycles_r2": 0,
	"base_checksum": 68119982635988,
	"bases_per_read": 139,
	"big_bc_perc": 0,
	"checksum": 71070500430308,
	"commit_hash": "f16d81c",
	"contig_N50": 99955,
	"dup_perc": 12.0064,
	"edge_N50": 12432,
	"effective_coverage": 56.2142,
	"etime_df_h": 0.00844293,
	"hetdist": 9610,
	"interdup_perc": 0.79032,
	"lw_mean_mol_len": 121126,
	"max_low_q_base_frac": 0.00712791,
	"median_ins_sz": 372,
	"mem_peak_df_gb": 2.50349,
	"nreads": 466336,
	"phase_block_N50": 534327,
	"placed_frac": 0.404545,
	"proper_pairs_perc": 91.761,
	"q30_r2_perc": 88.8221,
	"rpb_N50": 148,
	"sample_id": "testrun_1_1",
	"scaffold_N50": 960885,
	"scaffold_N60": 768708,
	"scaffolds_10kb_plus": 1,
	"scaffolds_1kb_plus": 8,
	"valid_bc_perc": 96.0539
}
