bin labels		-0.2Kb																			TSS																																																																																																				TES																				0.2Kb
bins		1.0	2.0	3.0	4.0	5.0	6.0	7.0	8.0	9.0	10.0	11.0	12.0	13.0	14.0	15.0	16.0	17.0	18.0	19.0	20.0	21.0	22.0	23.0	24.0	25.0	26.0	27.0	28.0	29.0	30.0	31.0	32.0	33.0	34.0	35.0	36.0	37.0	38.0	39.0	40.0	41.0	42.0	43.0	44.0	45.0	46.0	47.0	48.0	49.0	50.0	51.0	52.0	53.0	54.0	55.0	56.0	57.0	58.0	59.0	60.0	61.0	62.0	63.0	64.0	65.0	66.0	67.0	68.0	69.0	70.0	71.0	72.0	73.0	74.0	75.0	76.0	77.0	78.0	79.0	80.0	81.0	82.0	83.0	84.0	85.0	86.0	87.0	88.0	89.0	90.0	91.0	92.0	93.0	94.0	95.0	96.0	97.0	98.0	99.0	100.0	101.0	102.0	103.0	104.0	105.0	106.0	107.0	108.0	109.0	110.0	111.0	112.0	113.0	114.0	115.0	116.0	117.0	118.0	119.0	120.0	121.0	122.0	123.0	124.0	125.0	126.0	127.0	128.0	129.0	130.0	131.0	132.0	133.0	134.0	135.0	136.0	137.0	138.0	139.0	140.0
ChiP_BY_WT_pooled.no_dups	score:2338 logFC:4.20888	126.9	130.9	131.3	133.2	135.7	141.4	148.1	152.7	156.8	159.5	165.2	167.8	170.8	176.4	180.4	184.8	189.8	199.0	202.8	203.1	216.0	235.411765	253.470588	277.058824	292.0	311.25	336.235294	360.882353	385.529412	414.941176	431.0	439.058824	449.705882	461.176471	469.0	480.75	504.294118	529.764706	547.117647	564.529412	581.647059	597.3125	612.0	610.823529	611.235294	606.0	610.0	600.058824	586.705882	572.588235	562.117647	544.25	526.058824	504.176471	473.941176	444.352941	415.5625	398.647059	385.882353	376.235294	368.823529	365.647059	353.75	333.294118	307.764706	285.764706	270.0	254.9375	245.352941	240.176471	245.470588	259.823529	277.5625	292.882353	312.470588	333.235294	353.647059	370.6875	396.764706	419.705882	444.941176	477.470588	506.529412	536.5	565.705882	594.882353	620.529412	644.529412	661.625	681.058824	704.117647	730.0	753.647059	767.875	780.470588	787.294118	794.764706	798.235294	787.9375	769.764706	748.176471	726.529412	701.352941	672.764706	643.6875	615.647059	584.411765	553.176471	524.647059	495.5	465.294118	432.941176	400.235294	369.470588	340.1875	313.588235	286.647059	260.823529	233.764706	207.588235	188.4	176.7	164.4	153.8	145.1	138.5	135.8	132.7	131.5	131.5	129.8	134.2	142.2	147.5	153.1	161.8	167.2	171.5	175.4	181.1
