{"mode": "bam", "runtime_info": {"qc3C_version": "qc3C 0.4a2", "run_timestamp": "2020-06-07 22:53:24.109061"}, "input_args": {"bam_file": "mac_qc3C/DRR177157.bam", "fasta_file": "mac_qc3C/GCF_000230535.1_PelSin_1.0_genomic.fna.gz", "enzymes": ["HindIII"], "seed": 12345, "sample_rate": 0.5, "min_mapq": 60, "max_obs": 200000}, "n_parsed_reads": 1369719, "n_analysed_reads": 969190, "n_accepted_reads": 738901, "n_skipped_reads": 400529, "n_unmapped": 0, "n_low_mapq": 147699, "n_ref_len": 1256, "n_secondary": 0, "n_supplementary": 0, "n_weak_mapping": 103901, "n_ref_term": 502, "n_analysed_pairs": 200000, "n_accepted_pairs": 200000, "n_trans_pairs": 112219, "n_cis_pairs": 87781, "n_fully_aligned": 190468, "n_align_term": 209532, "n_no_site_end": 230364, "n_short_inserts": 16849, "classification": {"informative": {"fr": 17008, "rf": 16543, "ffrr": 35170}, "uninformative": {"religation": 1605, "dangling_ends": 14096, "self_circle": 1835, "ffrr": 1524}}, "obs_insert_mean": 220.58981874276898, "obs_insert_median": 217.0, "mean_readlen": 127.0, "unobs_frac": 0, "digest_stats": {"cs_start": 46, "cs_term": 169636, "cs_full": 1752, "read_thru": 143435, "is_split": 106568, "vestigial": ["AAGCT"]}, "separation_bins": {"counts": [70928, 62722, 56729], "vs_all_cis": ["80.801", "71.453", "64.626"], "zvs_accepted": ["35.464", "31.361", "28.364"]}, "digestion": {"cutsites": {"AAGCTT": {"name": "HindIII", "site": "AAGCTT", "site_len": 6}}, "junctions": {"AAGCTAGCTT": {"enz5p": "HindIII", "enz3p": "HindIII", "junction": "AAGCTAGCTT", "vestigial": "AAGCT", "junc_len": 10, "vest_len": 5, "pattern": "AAGCTAGCTT", "cross": true}}}, "junction_frequency": {"HindIII/HindIII AAGCTAGCTT": 143435}, "remnant_frequency": {"HindIII AAGCT": 169636}, "separation_histogram": {"mid_points": ["10.617", "11.926", "13.397", "15.049", "16.905", "18.989", "21.331", "23.962", "26.917", "30.237", "33.965", "38.154", "42.859", "48.145", "54.083", "60.752", "68.244", "76.661", "86.115", "96.735", "108.66", "122.07", "137.12", "154.03", "173.02", "194.36", "218.33", "245.26", "275.5", "309.48", "347.65", "390.52", "438.68", "492.78", "553.55", "621.82", "698.5", "784.64", "881.41", "990.11", "1112.2", "1249.4", "1403.5", "1576.5", "1771", "1989.4", "2234.7", "2510.3", "2819.9", "3167.6", "3558.3", "3997.1", "4490", "5043.8", "5665.8", "6364.5", "7149.4", "8031.1", "9021.5", "10134", "11384", "12788", "14365", "16136", "18126", "20362", "22873", "25694", "28862", "32422", "36420", "40911", "45957", "51624", "57991", "65143", "73176", "82201", "92338", "1.0373e+05", "1.1652e+05", "1.3089e+05", "1.4703e+05", "1.6516e+05", "1.8553e+05", "2.0841e+05", "2.3411e+05", "2.6298e+05", "2.9541e+05", "3.3185e+05", "3.7277e+05", "4.1874e+05", "4.7038e+05", "5.2839e+05", "5.9356e+05", "6.6675e+05", "7.4898e+05", "8.4135e+05", "9.4511e+05"], "counts": ["0", "0", "0", "0", "0", "0", "0", "0", "0", "0", "0", "2.8106e-06", "2.502e-06", "4.4547e-06", "1.9828e-06", "5.2954e-06", "7.8568e-06", "2.0983e-05", "5.8528e-05", "9.6445e-05", "0.00022303", "0.00043574", "0.00063191", "0.00074425", "0.0008745", "0.00087064", "0.0008669", "0.00076692", "0.00067377", "0.00056376", "0.00038866", "0.00023753", "0.0001298", "6.3761e-05", "3.9907e-05", "3.5698e-05", "3.1165e-05", "3.3074e-05", "2.9929e-05", "3.0218e-05", "3.3939e-05", "3.1329e-05", "2.7202e-05", "3.0337e-05", "2.8036e-05", "2.8246e-05", "2.7784e-05", "2.9006e-05", "2.6544e-05", "2.5661e-05", "2.3266e-05", "2.1999e-05", "2.0253e-05", "2.0177e-05", "1.817e-05", "1.6748e-05", "1.4669e-05", "1.3887e-05", "1.2731e-05", "1.1799e-05", "1.0221e-05", "9.6437e-06", "8.4805e-06", "7.6026e-06", "6.7029e-06", "6.1671e-06", "5.4479e-06", "4.8414e-06", "4.1762e-06", "3.9128e-06", "3.5392e-06", "3.3839e-06", "2.7721e-06", "2.4968e-06", "2.3133e-06", "2.2404e-06", "2.0531e-06", "1.6581e-06", "1.4703e-06", "1.3068e-06", "1.3722e-06", "1.179e-06", "9.7151e-07", "9.1095e-07", "8.0863e-07", "6.8744e-07", "6.5869e-07", "5.2358e-07", "4.9586e-07", "4.3399e-07", "3.8318e-07", "3.3779e-07", "2.8338e-07", "2.5389e-07", "2.2078e-07", "1.7595e-07", "1.5649e-07", "1.323e-07", "1.1165e-07"]}}
