{"mode": "bam", "runtime_info": {"qc3C_version": "qc3C 0.5rc6", "run_timestamp": "2020-08-23 04:59:39.300182"}, "input_args": {"bam_file": "DRR177168.bam", "fasta_file": "GCF_000230535.1_PelSin_1.0_genomic.fna.gz", "enzymes": ["HindIII"], "seed": 12345, "sample_rate": null, "min_mapq": 60, "max_obs": 200000}, "n_parsed_reads": 977527, "n_analysed_reads": 975155, "n_accepted_reads": 524680, "n_skipped_reads": 0, "n_unmapped": 2372, "n_low_mapq": 149588, "n_ref_len": 1132, "n_secondary": 0, "n_supplementary": 289835, "n_duplicate": 0, "n_weak_mapping": 65060, "n_ref_term": 38, "n_analysed_pairs": 200000, "n_accepted_pairs": 200000, "n_trans_pairs": 120270, "n_cis_pairs": 79730, "n_fully_aligned": 140731, "n_align_term": 259269, "n_no_site_end": 182881, "n_short_inserts": 11661, "classification": {"informative": {"fr": 17774, "rf": 15455, "ffrr": 33639}, "uninformative": {"religation": 1491, "dangling_ends": 9285, "self_circle": 1944, "ffrr": 1633}}, "obs_insert_mean": 225.9432392941441, "obs_insert_median": 224.0, "mean_readlen": 149.556125, "unobs_fraction": 0.0, "digest_stats": {"cs_start": 25, "cs_term": 217119, "cs_full": 1457, "read_thru": 185599, "is_split": 151225, "vestigial": ["AAGCT"]}, "separation_bins": {"bins": [1000, 5000, 10000], "counts": [68069, 58557, 50923], "vs_all_cis": [85.37438856139471, 73.44412391822401, 63.86930891759689], "vs_accepted": [34.0345, 29.2785, 25.461499999999997]}, "digestion": {"cutsites": {"AAGCTT": {"name": "HindIII", "site": "AAGCTT", "site_len": 6}}, "junctions": {"AAGCTAGCTT": {"enz5p": "HindIII", "enz3p": "HindIII", "junction": "AAGCTAGCTT", "vestigial": "AAGCT", "junc_len": 10, "vest_len": 5, "pattern": "AAGCTAGCTT", "cross": true}}}, "junction_frequency": {"HindIII/HindIII AAGCTAGCTT": 185599}, "remnant_frequency": {"HindIII AAGCT": 217119}, "separation_histogram": {"mid_points": [10.616620164890138, 11.92590458022024, 13.396655229964129, 15.048784781339489, 16.904661611992637, 18.98941265811241, 21.33126361099484, 23.96192106802016, 26.917001812029568, 30.236515031165933, 33.96540400801006, 38.15415461200591, 42.85947883362568, 48.145082614724814, 54.08252837083299, 60.75220388317268, 68.24441067834891, 76.66058663141169, 86.11467934525882, 96.7346889007258, 108.66440086483811, 122.06533302063097, 137.1189221755412, 154.02898065582917, 173.02445574580054, 194.36252943220097, 218.33210042159047, 245.25769557414475, 275.50386371124563, 309.4801112851452, 347.64644673531814, 390.51960859719844, 438.6800616864058, 492.7798560806233, 553.5514553028175, 621.8176532316174, 698.5027140050729, 784.644885742276, 881.4104575075971, 990.1095498364425, 1112.2138526123315, 1249.3765504505132, 1403.4547053602469, 1576.534399727262, 1770.958980030221, 1989.3607836862013, 2234.6967785787137, 2510.288597796047, 2819.8675116150134, 3167.6249456110904, 3558.269228865654, 3997.089340590983, 4490.026518246148, 5043.754696654552, 5665.770867197858, 6364.496580470115, 7149.391966648556, 8031.083817316365, 9021.509462852388, 10134.078393360785, 11383.853811345534, 12787.756574192957, 14364.794287663703, 16136.318652118109, 18126.31454571589, 20361.72475852188, 22872.81477413135, 25693.58253763662, 28862.21875783176, 32421.623975741655, 36419.98940012723, 40911.449373967946, 45956.814305742075, 51624.39398874845, 57990.922455487496, 65142.596888814296, 73176.24465580487, 82200.63426494556, 92337.94799585041, 103725.43613961406, 116517.27524675612, 130886.65554179688, 147028.12576621718, 165160.22719690777, 185528.45250239776, 208408.5694971659, 234110.35479473774, 262981.78790994175, 295413.7625947681, 331845.37919516815, 372769.88968263916, 418741.3758510767, 470382.25109579955, 528391.6873422167, 593555.0812173234, 666754.6876276445, 748981.5647128907, 841348.9918994781, 945107.5427225197], "counts": [0.0, 0.0, 0.0, 0.0, 0.0, 0.0, 0.0, 0.0, 0.0, 0.0, 0.0, 0.0, 0.0, 0.0, 1.7414286376582627e-05, 1.356465288035714e-05, 1.2075458622919368e-05, 1.8428152165354604e-05, 3.007586826653825e-05, 4.7462985177748314e-05, 0.00013867410184364767, 0.0002941576727627773, 0.00043958741662271654, 0.000538075105767869, 0.0006409381062984122, 0.000599646542837354, 0.000654596646080507, 0.0005692915368517169, 0.000550377727983657, 0.0004298514351263465, 0.0002935986028204131, 0.0001712293358804036, 7.514201162678004e-05, 4.3480158995550704e-05, 4.253482797295348e-05, 3.426795669409119e-05, 3.6910395509525966e-05, 3.450860230700541e-05, 3.312425839620558e-05, 3.341148298263451e-05, 3.79995829821536e-05, 3.307397912528704e-05, 3.405652362429644e-05, 3.502209108460334e-05, 3.6162885780800254e-05, 3.408643742325247e-05, 3.624453373722439e-05, 3.5642045538266146e-05, 3.218832339422713e-05, 3.173926008542007e-05, 3.123243690127126e-05, 2.9600216543586398e-05, 3.078164837578153e-05, 2.749565158136727e-05, 2.5017284177874318e-05, 2.3269618625571027e-05, 2.1521828260475585e-05, 1.8836562506675815e-05, 1.7147027253853363e-05, 1.62171241212761e-05, 1.3702482313227187e-05, 1.2529578072847221e-05, 1.0916351109767601e-05, 9.542803130777914e-06, 8.858853916873444e-06, 7.660797764248433e-06, 6.608731270475889e-06, 6.002322334225306e-06, 5.282174402345199e-06, 4.676853654016979e-06, 4.166638133047111e-06, 3.6746731290304665e-06, 3.2584411158230676e-06, 2.8619460397852033e-06, 2.5375971497474865e-06, 2.325873878486733e-06, 1.9756087028305656e-06, 1.740098334111167e-06, 1.5069885040748525e-06, 1.393752884180495e-06, 1.1083807879799611e-06, 1.0559549933526508e-06, 8.503481623856952e-07, 7.512903683485715e-07, 6.694445640639337e-07, 5.886061943985357e-07, 5.174488588632736e-07, 4.521352652161935e-07, 3.9492589609241663e-07, 3.437642297013158e-07, 2.9212827180883603e-07, 2.496547146712501e-07, 2.1473806905981904e-07, 1.9316827550859267e-07, 1.618459415408494e-07, 1.4231204060568673e-07, 1.251165099361916e-07, 9.850746938031984e-08, 8.89384721360278e-08]}}
