{"mode": "bam", "runtime_info": {"qc3C_version": "qc3C 0.4a2", "run_timestamp": "2020-06-07 22:55:12.674213"}, "input_args": {"bam_file": "mac_qc3C/DRR177168.bam", "fasta_file": "mac_qc3C/GCF_000230535.1_PelSin_1.0_genomic.fna.gz", "enzymes": ["HindIII"], "seed": 12345, "sample_rate": 0.5, "min_mapq": 60, "max_obs": 200000}, "n_parsed_reads": 1369746, "n_analysed_reads": 969206, "n_accepted_reads": 741930, "n_skipped_reads": 400540, "n_unmapped": 0, "n_low_mapq": 136771, "n_ref_len": 1158, "n_secondary": 0, "n_supplementary": 0, "n_weak_mapping": 110693, "n_ref_term": 493, "n_analysed_pairs": 200000, "n_accepted_pairs": 200000, "n_trans_pairs": 120310, "n_cis_pairs": 79690, "n_fully_aligned": 140798, "n_align_term": 259202, "n_no_site_end": 183559, "n_short_inserts": 11636, "classification": {"informative": {"fr": 16220, "rf": 15435, "ffrr": 33718}, "uninformative": {"religation": 1528, "dangling_ends": 9062, "self_circle": 2057, "ffrr": 1670}}, "obs_insert_mean": 230.67282789153293, "obs_insert_median": 229.0, "mean_readlen": 151.0, "unobs_frac": 0, "digest_stats": {"cs_start": 22, "cs_term": 216441, "cs_full": 1498, "read_thru": 186139, "is_split": 151727, "vestigial": ["AAGCT"]}, "separation_bins": {"counts": [68021, 58561, 50841], "vs_all_cis": ["85.357", "73.486", "63.798"], "zvs_accepted": ["34.011", "29.28", "25.421"]}, "digestion": {"cutsites": {"AAGCTT": {"name": "HindIII", "site": "AAGCTT", "site_len": 6}}, "junctions": {"AAGCTAGCTT": {"enz5p": "HindIII", "enz3p": "HindIII", "junction": "AAGCTAGCTT", "vestigial": "AAGCT", "junc_len": 10, "vest_len": 5, "pattern": "AAGCTAGCTT", "cross": true}}}, "junction_frequency": {"HindIII/HindIII AAGCTAGCTT": 186139}, "remnant_frequency": {"HindIII AAGCT": 216441}, "separation_histogram": {"mid_points": ["10.617", "11.926", "13.397", "15.049", "16.905", "18.989", "21.331", "23.962", "26.917", "30.237", "33.965", "38.154", "42.859", "48.145", "54.083", "60.752", "68.244", "76.661", "86.115", "96.735", "108.66", "122.07", "137.12", "154.03", "173.02", "194.36", "218.33", "245.26", "275.5", "309.48", "347.65", "390.52", "438.68", "492.78", "553.55", "621.82", "698.5", "784.64", "881.41", "990.11", "1112.2", "1249.4", "1403.5", "1576.5", "1771", "1989.4", "2234.7", "2510.3", "2819.9", "3167.6", "3558.3", "3997.1", "4490", "5043.8", "5665.8", "6364.5", "7149.4", "8031.1", "9021.5", "10134", "11384", "12788", "14365", "16136", "18126", "20362", "22873", "25694", "28862", "32422", "36420", "40911", "45957", "51624", "57991", "65143", "73176", "82201", "92338", "1.0373e+05", "1.1652e+05", "1.3089e+05", "1.4703e+05", "1.6516e+05", "1.8553e+05", "2.0841e+05", "2.3411e+05", "2.6298e+05", "2.9541e+05", "3.3185e+05", "3.7277e+05", "4.1874e+05", "4.7038e+05", "5.2839e+05", "5.9356e+05", "6.6675e+05", "7.4898e+05", "8.4135e+05", "9.4511e+05"], "counts": ["0", "0", "0", "0", "0", "0", "0", "0", "0", "1.949e-05", "1.735e-05", "2.1623e-05", "2.4749e-05", "1.7136e-05", "1.3076e-05", "1.552e-05", "1.2089e-05", "2.4599e-05", "3.9691e-05", "5.1172e-05", "0.00014425", "0.00025201", "0.0004461", "0.00053792", "0.00057219", "0.00056576", "0.00066722", "0.00059252", "0.00054886", "0.00044557", "0.00030682", "0.0001681", "7.6839e-05", "4.8791e-05", "4.3222e-05", "3.2222e-05", "3.4928e-05", "3.7852e-05", "3.6104e-05", "3.4997e-05", "3.5076e-05", "3.4527e-05", "3.6363e-05", "3.5735e-05", "3.3608e-05", "3.3473e-05", "3.676e-05", "3.4978e-05", "3.2267e-05", "3.1887e-05", "3.1997e-05", "2.9074e-05", "2.9924e-05", "2.7433e-05", "2.4588e-05", "2.3296e-05", "2.2321e-05", "1.9107e-05", "1.7702e-05", "1.6189e-05", "1.436e-05", "1.2442e-05", "1.1019e-05", "9.7509e-06", "8.3878e-06", "7.6406e-06", "6.5183e-06", "5.7064e-06", "5.1534e-06", "4.6058e-06", "4.2167e-06", "3.7624e-06", "3.1596e-06", "2.872e-06", "2.5222e-06", "2.2507e-06", "1.9779e-06", "1.679e-06", "1.4334e-06", "1.3726e-06", "1.145e-06", "1.0193e-06", "8.6494e-07", "7.5143e-07", "6.5814e-07", "6.102e-07", "5.2861e-07", "4.7909e-07", "4.0974e-07", "3.6333e-07", "2.874e-07", "2.5669e-07", "2.1348e-07", "1.9071e-07", "1.6402e-07", "1.5096e-07", "1.2117e-07", "1.01e-07", "7.8315e-08"]}}
