{"mode": "bam", "runtime_info": {"qc3C_version": "qc3C 0.5rc6", "run_timestamp": "2020-08-23 04:59:29.370668"}, "input_args": {"bam_file": "DRR177167.bam", "fasta_file": "GCF_000230535.1_PelSin_1.0_genomic.fna.gz", "enzymes": ["HindIII"], "seed": 12345, "sample_rate": null, "min_mapq": 60, "max_obs": 200000}, "n_parsed_reads": 974621, "n_analysed_reads": 971328, "n_accepted_reads": 521964, "n_skipped_reads": 0, "n_unmapped": 3293, "n_low_mapq": 155695, "n_ref_len": 1286, "n_secondary": 0, "n_supplementary": 288315, "n_duplicate": 0, "n_weak_mapping": 61140, "n_ref_term": 51, "n_analysed_pairs": 200000, "n_accepted_pairs": 200000, "n_trans_pairs": 111868, "n_cis_pairs": 88132, "n_fully_aligned": 147067, "n_align_term": 252933, "n_no_site_end": 197480, "n_short_inserts": 17354, "classification": {"informative": {"fr": 18013, "rf": 16652, "ffrr": 35085}, "uninformative": {"religation": 1407, "dangling_ends": 14413, "self_circle": 2309, "ffrr": 1660}}, "obs_insert_mean": 218.40072283713576, "obs_insert_median": 216.0, "mean_readlen": 149.487525, "unobs_fraction": 0.0, "digest_stats": {"cs_start": 55, "cs_term": 202520, "cs_full": 1450, "read_thru": 170552, "is_split": 138985, "vestigial": ["AAGCT"]}, "separation_bins": {"bins": [1000, 5000, 10000], "counts": [70778, 62947, 56913], "vs_all_cis": [80.30908183179776, 71.42354649843416, 64.57699813915491], "vs_accepted": [35.388999999999996, 31.473499999999998, 28.456500000000002]}, "digestion": {"cutsites": {"AAGCTT": {"name": "HindIII", "site": "AAGCTT", "site_len": 6}}, "junctions": {"AAGCTAGCTT": {"enz5p": "HindIII", "enz3p": "HindIII", "junction": "AAGCTAGCTT", "vestigial": "AAGCT", "junc_len": 10, "vest_len": 5, "pattern": "AAGCTAGCTT", "cross": true}}}, "junction_frequency": {"HindIII/HindIII AAGCTAGCTT": 170552}, "remnant_frequency": {"HindIII AAGCT": 202520}, "separation_histogram": {"mid_points": [10.616620164890138, 11.92590458022024, 13.396655229964129, 15.048784781339489, 16.904661611992637, 18.98941265811241, 21.33126361099484, 23.96192106802016, 26.917001812029568, 30.236515031165933, 33.96540400801006, 38.15415461200591, 42.85947883362568, 48.145082614724814, 54.08252837083299, 60.75220388317268, 68.24441067834891, 76.66058663141169, 86.11467934525882, 96.7346889007258, 108.66440086483811, 122.06533302063097, 137.1189221755412, 154.02898065582917, 173.02445574580054, 194.36252943220097, 218.33210042159047, 245.25769557414475, 275.50386371124563, 309.4801112851452, 347.64644673531814, 390.51960859719844, 438.6800616864058, 492.7798560806233, 553.5514553028175, 621.8176532316174, 698.5027140050729, 784.644885742276, 881.4104575075971, 990.1095498364425, 1112.2138526123315, 1249.3765504505132, 1403.4547053602469, 1576.534399727262, 1770.958980030221, 1989.3607836862013, 2234.6967785787137, 2510.288597796047, 2819.8675116150134, 3167.6249456110904, 3558.269228865654, 3997.089340590983, 4490.026518246148, 5043.754696654552, 5665.770867197858, 6364.496580470115, 7149.391966648556, 8031.083817316365, 9021.509462852388, 10134.078393360785, 11383.853811345534, 12787.756574192957, 14364.794287663703, 16136.318652118109, 18126.31454571589, 20361.72475852188, 22872.81477413135, 25693.58253763662, 28862.21875783176, 32421.623975741655, 36419.98940012723, 40911.449373967946, 45956.814305742075, 51624.39398874845, 57990.922455487496, 65142.596888814296, 73176.24465580487, 82200.63426494556, 92337.94799585041, 103725.43613961406, 116517.27524675612, 130886.65554179688, 147028.12576621718, 165160.22719690777, 185528.45250239776, 208408.5694971659, 234110.35479473774, 262981.78790994175, 295413.7625947681, 331845.37919516815, 372769.88968263916, 418741.3758510767, 470382.25109579955, 528391.6873422167, 593555.0812173234, 666754.6876276445, 748981.5647128907, 841348.9918994781, 945107.5427225197], "counts": [0.0, 0.0, 0.0, 0.0, 0.0, 0.0, 0.0, 0.0, 0.0, 0.0, 0.0, 0.0, 0.0, 0.0, 3.955505725633681e-06, 7.042501735046653e-06, 1.2538682567622722e-05, 1.3952655466630588e-05, 6.707266764342373e-05, 0.00010725523618611121, 0.0001998194488340945, 0.000414474493055866, 0.0006045515239834041, 0.0007798414653264705, 0.0009798301150065478, 0.0009228891259299671, 0.0009675613587595113, 0.0008247036071380802, 0.000720963400592764, 0.000548841272199863, 0.00037720868533583417, 0.00023527692047165322, 0.00010533309847254386, 5.2962184339561145e-05, 3.3621745776854214e-05, 3.474700131315998e-05, 3.460743005894836e-05, 3.135333163982618e-05, 3.1066388930487104e-05, 3.219304252622763e-05, 3.231320129759225e-05, 2.953620905558876e-05, 2.7665417765611764e-05, 2.7816943852439642e-05, 2.6454199061482404e-05, 2.779751666500677e-05, 2.694751985097613e-05, 2.7355230793678946e-05, 2.4352039118363656e-05, 2.373835275220278e-05, 2.1913801932466167e-05, 2.1461472759819312e-05, 2.0510830898420602e-05, 1.8046983123982834e-05, 1.721729179888624e-05, 1.731020359273462e-05, 1.5484609245961626e-05, 1.430405368691516e-05, 1.276925332587593e-05, 1.1335717924016454e-05, 1.13314896489504e-05, 9.476862030287005e-06, 8.577921680876705e-06, 7.523508372537881e-06, 6.732946149931785e-06, 6.072566510407606e-06, 5.583592591721737e-06, 4.953946435338799e-06, 4.224780460602368e-06, 4.01169418530304e-06, 3.427362570587537e-06, 3.1295240503522828e-06, 2.818533724797662e-06, 2.569187067222619e-06, 2.4309968818272006e-06, 1.980209997593395e-06, 2.0098404782622243e-06, 1.6642722985006896e-06, 1.5336871350208042e-06, 1.3807794536759908e-06, 1.2282727077745768e-06, 1.1669757876830607e-06, 1.0192171500090413e-06, 8.671697385982048e-07, 8.198191956257423e-07, 7.031273691549558e-07, 6.524340116523676e-07, 5.779595082566737e-07, 5.069047024891579e-07, 4.21922689191351e-07, 3.7445419050162167e-07, 3.284914737024983e-07, 2.815131764219116e-07, 2.3137650801928541e-07, 2.1047999472986147e-07, 1.8592867180246985e-07, 1.678014645685954e-07, 1.2573295469993704e-07, 1.1011858436820444e-07]}}
