{"mode": "bam", "runtime_info": {"qc3C_version": "qc3C 0.5a1", "run_timestamp": "2020-06-13 22:12:23.738535"}, "input_args": {"bam_file": "mac_qc3C/DRR/clean/DRR177167.bam", "fasta_file": "mac_qc3C/DRR/GCF_000230535.1_PelSin_1.0_genomic.fna.gz", "enzymes": ["HindIII"], "seed": 12345, "sample_rate": null, "min_mapq": 60, "max_obs": 200000}, "n_parsed_reads": 974618, "n_analysed_reads": 971325, "n_accepted_reads": 521965, "n_skipped_reads": 0, "n_unmapped": 3293, "n_low_mapq": 155694, "n_ref_len": 1287, "n_secondary": 0, "n_supplementary": 288314, "n_weak_mapping": 61140, "n_ref_term": 51, "n_analysed_pairs": 200000, "n_accepted_pairs": 200000, "n_trans_pairs": 111869, "n_cis_pairs": 88131, "n_fully_aligned": 147066, "n_align_term": 252934, "n_no_site_end": 197480, "n_short_inserts": 17354, "classification": {"informative": {"fr": 18013, "rf": 16651, "ffrr": 35085}, "uninformative": {"religation": 1407, "dangling_ends": 14413, "self_circle": 2309, "ffrr": 1660}}, "obs_insert_mean": 218.40072283713576, "obs_insert_median": 216.0, "mean_readlen": 149.487525, "unobs_fraction": 0.0092592592592593, "digest_stats": {"cs_start": 55, "cs_term": 202520, "cs_full": 1450, "read_thru": 170552, "is_split": 138985, "vestigial": ["AAGCT"]}, "separation_bins": {"bins": [1000, 5000, 10000], "counts": [70777, 62946, 56912], "vs_all_cis": [80.30885840396682, 71.42322224869795, 64.57659620337905], "vs_accepted": [35.3885, 31.473000000000003, 28.456]}, "digestion": {"cutsites": {"AAGCTT": {"name": "HindIII", "site": "AAGCTT", "site_len": 6}}, "junctions": {"AAGCTAGCTT": {"enz5p": "HindIII", "enz3p": "HindIII", "junction": "AAGCTAGCTT", "vestigial": "AAGCT", "junc_len": 10, "vest_len": 5, "pattern": "AAGCTAGCTT", "cross": true}}}, "junction_frequency": {"HindIII/HindIII AAGCTAGCTT": 170552}, "remnant_frequency": {"HindIII AAGCT": 202520}, "separation_histogram": {"mid_points": [10.616620164890138, 11.92590458022024, 13.396655229964129, 15.048784781339489, 16.904661611992637, 18.98941265811241, 21.33126361099484, 23.96192106802016, 26.917001812029568, 30.236515031165933, 33.96540400801006, 38.15415461200591, 42.85947883362568, 48.145082614724814, 54.08252837083299, 60.75220388317268, 68.24441067834891, 76.66058663141169, 86.11467934525882, 96.7346889007258, 108.66440086483811, 122.06533302063097, 137.1189221755412, 154.02898065582917, 173.02445574580054, 194.36252943220097, 218.33210042159047, 245.25769557414475, 275.50386371124563, 309.4801112851452, 347.64644673531814, 390.51960859719844, 438.6800616864058, 492.7798560806233, 553.5514553028175, 621.8176532316174, 698.5027140050729, 784.644885742276, 881.4104575075971, 990.1095498364425, 1112.2138526123315, 1249.3765504505132, 1403.4547053602469, 1576.534399727262, 1770.958980030221, 1989.3607836862013, 2234.6967785787137, 2510.288597796047, 2819.8675116150134, 3167.6249456110904, 3558.269228865654, 3997.089340590983, 4490.026518246148, 5043.754696654552, 5665.770867197858, 6364.496580470115, 7149.391966648556, 8031.083817316365, 9021.509462852388, 10134.078393360785, 11383.853811345534, 12787.756574192957, 14364.794287663703, 16136.318652118109, 18126.31454571589, 20361.72475852188, 22872.81477413135, 25693.58253763662, 28862.21875783176, 32421.623975741655, 36419.98940012723, 40911.449373967946, 45956.814305742075, 51624.39398874845, 57990.922455487496, 65142.596888814296, 73176.24465580487, 82200.63426494556, 92337.94799585041, 103725.43613961406, 116517.27524675612, 130886.65554179688, 147028.12576621718, 165160.22719690777, 185528.45250239776, 208408.5694971659, 234110.35479473774, 262981.78790994175, 295413.7625947681, 331845.37919516815, 372769.88968263916, 418741.3758510767, 470382.25109579955, 528391.6873422167, 593555.0812173234, 666754.6876276445, 748981.5647128907, 841348.9918994781, 945107.5427225197], "counts": [0.0, 0.0, 0.0, 0.0, 0.0, 0.0, 0.0, 0.0, 0.0, 0.0, 0.0, 0.0, 0.0, 0.0, 3.955554872729659e-06, 7.042589238019145e-06, 1.2538838360554988e-05, 1.3952828828153724e-05, 6.707350102025664e-05, 0.0001072565688307217, 0.00019982193158758074, 0.00041447964289487616, 0.0006045590355265125, 0.000779851154844323, 0.0009798422893802046, 0.0009229005928127364, 0.0009675733806940659, 0.000824713854067334, 0.0007209723585515949, 0.0005488480915439755, 0.00037721337214777375, 0.00023527984378366286, 0.00010533440723462371, 5.2962842393862543e-05, 3.362216352651286e-05, 3.474743304410084e-05, 3.4607860055718595e-05, 3.135372120447511e-05, 3.106677492987741e-05, 3.219344252427102e-05, 3.231360278860647e-05, 2.953657604251837e-05, 2.7665761507989228e-05, 2.7817289477526336e-05, 2.645452775448666e-05, 2.7797862048710967e-05, 2.6947854673483378e-05, 2.73555706819882e-05, 2.4352341692063922e-05, 2.3738647700859667e-05, 2.191407421110802e-05, 2.1461739418278362e-05, 2.0511085745169585e-05, 1.804720735746225e-05, 1.7217505723464087e-05, 1.7310418671740033e-05, 1.54848016419862e-05, 1.4304231414555618e-05, 1.2769411983646214e-05, 1.133585877013208e-05, 1.1331630442529777e-05, 9.476979780147599e-06, 8.5780282614177e-06, 7.5236018520102235e-06, 6.733029806681036e-06, 6.072641961950297e-06, 5.5836619677712356e-06, 4.9540079880447785e-06, 4.224832953432663e-06, 4.008444898935678e-06, 3.427405155513181e-06, 3.129562934639031e-06, 2.818568745034542e-06, 2.5692189893312285e-06, 2.431027086924946e-06, 1.980234601671245e-06, 2.009865450498327e-06, 1.6642929770576333e-06, 1.5337061910591603e-06, 1.3807966098388286e-06, 1.2282879690435128e-06, 1.1669902873387357e-06, 1.019229813765984e-06, 8.671805131684693e-07, 8.198293818662605e-07, 7.031361055013787e-07, 6.524421181346266e-07, 5.779666893944079e-07, 5.069110007720561e-07, 4.2192793157408016e-07, 3.744588430890066e-07, 3.2849555520385513e-07, 2.8151667421866897e-07, 2.3137938286873214e-07, 2.1048260994046159e-07, 1.8593098196327155e-07, 1.6780354949913438e-07, 1.2573451692990736e-07, 1.1011995258987073e-07]}}
