{"mode": "bam", "runtime_info": {"qc3C_version": "qc3C 0.4a2", "run_timestamp": "2020-06-07 22:55:02.011775"}, "input_args": {"bam_file": "mac_qc3C/DRR177167.bam", "fasta_file": "mac_qc3C/GCF_000230535.1_PelSin_1.0_genomic.fna.gz", "enzymes": ["HindIII"], "seed": 12345, "sample_rate": 0.5, "min_mapq": 60, "max_obs": 200000}, "n_parsed_reads": 1368776, "n_analysed_reads": 968517, "n_accepted_reads": 739296, "n_skipped_reads": 400259, "n_unmapped": 0, "n_low_mapq": 143468, "n_ref_len": 1184, "n_secondary": 0, "n_supplementary": 0, "n_weak_mapping": 107087, "n_ref_term": 498, "n_analysed_pairs": 200000, "n_accepted_pairs": 200000, "n_trans_pairs": 111518, "n_cis_pairs": 88482, "n_fully_aligned": 145391, "n_align_term": 254609, "n_no_site_end": 198292, "n_short_inserts": 17471, "classification": {"informative": {"fr": 16718, "rf": 16687, "ffrr": 35225}, "uninformative": {"religation": 1380, "dangling_ends": 14221, "self_circle": 2594, "ffrr": 1657}}, "obs_insert_mean": 218.96480718831899, "obs_insert_median": 216.0, "mean_readlen": 151.0, "unobs_frac": 0, "digest_stats": {"cs_start": 52, "cs_term": 201708, "cs_full": 1370, "read_thru": 170714, "is_split": 139038, "vestigial": ["AAGCT"]}, "separation_bins": {"counts": [70990, 62985, 56969], "vs_all_cis": ["80.231", "71.184", "64.385"], "zvs_accepted": ["35.495", "31.492", "28.485"]}, "digestion": {"cutsites": {"AAGCTT": {"name": "HindIII", "site": "AAGCTT", "site_len": 6}}, "junctions": {"AAGCTAGCTT": {"enz5p": "HindIII", "enz3p": "HindIII", "junction": "AAGCTAGCTT", "vestigial": "AAGCT", "junc_len": 10, "vest_len": 5, "pattern": "AAGCTAGCTT", "cross": true}}}, "junction_frequency": {"HindIII/HindIII AAGCTAGCTT": 170714}, "remnant_frequency": {"HindIII AAGCT": 201708}, "separation_histogram": {"mid_points": ["10.617", "11.926", "13.397", "15.049", "16.905", "18.989", "21.331", "23.962", "26.917", "30.237", "33.965", "38.154", "42.859", "48.145", "54.083", "60.752", "68.244", "76.661", "86.115", "96.735", "108.66", "122.07", "137.12", "154.03", "173.02", "194.36", "218.33", "245.26", "275.5", "309.48", "347.65", "390.52", "438.68", "492.78", "553.55", "621.82", "698.5", "784.64", "881.41", "990.11", "1112.2", "1249.4", "1403.5", "1576.5", "1771", "1989.4", "2234.7", "2510.3", "2819.9", "3167.6", "3558.3", "3997.1", "4490", "5043.8", "5665.8", "6364.5", "7149.4", "8031.1", "9021.5", "10134", "11384", "12788", "14365", "16136", "18126", "20362", "22873", "25694", "28862", "32422", "36420", "40911", "45957", "51624", "57991", "65143", "73176", "82201", "92338", "1.0373e+05", "1.1652e+05", "1.3089e+05", "1.4703e+05", "1.6516e+05", "1.8553e+05", "2.0841e+05", "2.3411e+05", "2.6298e+05", "2.9541e+05", "3.3185e+05", "3.7277e+05", "4.1874e+05", "4.7038e+05", "5.2839e+05", "5.9356e+05", "6.6675e+05", "7.4898e+05", "8.4135e+05", "9.4511e+05"], "counts": ["0", "0", "0", "0", "0", "0", "0", "0", "0", "7.0381e-06", "9.3981e-06", "1.3944e-05", "1.2413e-05", "1.326e-05", "7.8697e-06", "8.7572e-06", "1.0914e-05", "8.3279e-06", "6.178e-05", "0.0001023", "0.00019486", "0.00040098", "0.00059519", "0.00079995", "0.00095504", "0.00090877", "0.00095813", "0.00082734", "0.00069866", "0.0005752", "0.00038167", "0.00024141", "0.00010794", "6.2403e-05", "3.3062e-05", "3.8159e-05", "3.2447e-05", "3.3224e-05", "3.0784e-05", "3.353e-05", "3.0614e-05", "3.1937e-05", "2.7673e-05", "2.7402e-05", "2.926e-05", "2.7064e-05", "2.7188e-05", "2.628e-05", "2.5206e-05", "2.3312e-05", "2.3414e-05", "2.1536e-05", "2.0949e-05", "1.8206e-05", "1.6958e-05", "1.6735e-05", "1.5448e-05", "1.4137e-05", "1.2927e-05", "1.1298e-05", "1.0749e-05", "9.5273e-06", "8.6073e-06", "7.3788e-06", "6.51e-06", "6.0043e-06", "5.6661e-06", "4.8784e-06", "4.3391e-06", "3.8726e-06", "3.6198e-06", "3.1834e-06", "2.8131e-06", "2.6671e-06", "2.2734e-06", "1.9813e-06", "2.0372e-06", "1.6724e-06", "1.5119e-06", "1.4362e-06", "1.2246e-06", "1.1211e-06", "1.0255e-06", "8.8455e-07", "8.2185e-07", "7.2039e-07", "6.5403e-07", "5.5593e-07", "4.9526e-07", "4.3383e-07", "3.7507e-07", "3.4228e-07", "2.8163e-07", "2.3238e-07", "2.1315e-07", "1.8209e-07", "1.567e-07", "1.2204e-07", "1.1033e-07"]}}
