Sample	Note	End 2 Mapping Rate	Chimeric Pairs	Intragenic Rate	Num. Gaps	Exonic Rate	Mapping Rate	5' Norm	Genes Detected	Unique Rate of Mapped	3' Norm	Read Length	Mean Per Base Cov.	End 1 Mismatch Rate	Fragment Length StdDev	WTCHG_171117_264	Estimated Library Size	WTCHG_171117_262	Mapped	Intergenic Rate	Total Purity Filtered Reads Sequenced	rRNA	Failed Vendor QC Check	Mean CV	Transcripts Detected	Mapped Pairs	Cumul. Gap Length	Gap %	Unpaired Reads	Intronic Rate	Mapped Unique Rate of Total	Expression Profiling Efficiency	Mapped Unique	End 2 Mismatch Rate	End 2 Antisense	Alternative Aligments	End 2 Sense	Fragment Length Mean	End 1 Antisense	Split Reads	Base Mismatch Rate	End 1 Sense	End 1 % Sense	rRNA rate	End 1 Mapping Rate	No. Covered 5'	Duplication Rate of Mapped	End 2 % Sense
WTCHG_171117_262	NA	1.0	0	0.88007474	2037	0.6962983	1.0	0.21731837	13071	0.7957343	0.10553705	100	20.815199	0.0043399995	77	0.9446898628344715	29688823	0.9999999999999999	28252524	0.1195993	28252524	0	0	0.7967586	25572	14122463	238497	0.06975785	0	0.18377636	0.7957343	0.6962983	22481502	0.0055812323	4887434	2669592	7274790	114	7271985	6127524	0.004960616	4893439	40.224155	0.0	1.0	669	0.20426571	59.814632
WTCHG_171117_264	NA	1.0	0	0.83794266	2105	0.567143	1.0	0.15634769	12693	0.84390897	0.18244036	100	18.546865	0.004638754	80	1.0	38116968	0.9446898628344715	26651060	0.16172707	26651060	0	0	0.8026769	24711	13322002	271061	0.076001346	0	0.27079964	0.84390897	0.567143	22491068	0.00579905	4419766	1951832	6489799	118	6483832	4414612	0.0052189017	4428979	40.585133	0.0	1.0	674	0.15609105	59.48724
