{"mode": "bam", "runtime_info": {"qc3C_version": "qc3C 0.4a2", "run_timestamp": "2020-06-07 22:53:34.757514"}, "input_args": {"bam_file": "mac_qc3C/DRR177158.bam", "fasta_file": "mac_qc3C/GCF_000230535.1_PelSin_1.0_genomic.fna.gz", "enzymes": ["HindIII"], "seed": 12345, "sample_rate": 0.5, "min_mapq": 60, "max_obs": 200000}, "n_parsed_reads": 1370786, "n_analysed_reads": 969945, "n_accepted_reads": 741599, "n_skipped_reads": 400841, "n_unmapped": 0, "n_low_mapq": 141791, "n_ref_len": 1126, "n_secondary": 0, "n_supplementary": 0, "n_weak_mapping": 106811, "n_ref_term": 403, "n_analysed_pairs": 200000, "n_accepted_pairs": 200000, "n_trans_pairs": 120782, "n_cis_pairs": 79218, "n_fully_aligned": 186930, "n_align_term": 213070, "n_no_site_end": 217999, "n_short_inserts": 11369, "classification": {"informative": {"fr": 16349, "rf": 15503, "ffrr": 33716}, "uninformative": {"religation": 1671, "dangling_ends": 8940, "self_circle": 1563, "ffrr": 1476}}, "obs_insert_mean": 232.0737205290397, "obs_insert_median": 230.0, "mean_readlen": 127.0, "unobs_frac": 0, "digest_stats": {"cs_start": 37, "cs_term": 182001, "cs_full": 1790, "read_thru": 156592, "is_split": 116477, "vestigial": ["AAGCT"]}, "separation_bins": {"counts": [67844, 58289, 50752], "vs_all_cis": ["85.642", "73.58", "64.066"], "zvs_accepted": ["33.922", "29.145", "25.376"]}, "digestion": {"cutsites": {"AAGCTT": {"name": "HindIII", "site": "AAGCTT", "site_len": 6}}, "junctions": {"AAGCTAGCTT": {"enz5p": "HindIII", "enz3p": "HindIII", "junction": "AAGCTAGCTT", "vestigial": "AAGCT", "junc_len": 10, "vest_len": 5, "pattern": "AAGCTAGCTT", "cross": true}}}, "junction_frequency": {"HindIII/HindIII AAGCTAGCTT": 156592}, "remnant_frequency": {"HindIII AAGCT": 182001}, "separation_histogram": {"mid_points": ["10.617", "11.926", "13.397", "15.049", "16.905", "18.989", "21.331", "23.962", "26.917", "30.237", "33.965", "38.154", "42.859", "48.145", "54.083", "60.752", "68.244", "76.661", "86.115", "96.735", "108.66", "122.07", "137.12", "154.03", "173.02", "194.36", "218.33", "245.26", "275.5", "309.48", "347.65", "390.52", "438.68", "492.78", "553.55", "621.82", "698.5", "784.64", "881.41", "990.11", "1112.2", "1249.4", "1403.5", "1576.5", "1771", "1989.4", "2234.7", "2510.3", "2819.9", "3167.6", "3558.3", "3997.1", "4490", "5043.8", "5665.8", "6364.5", "7149.4", "8031.1", "9021.5", "10134", "11384", "12788", "14365", "16136", "18126", "20362", "22873", "25694", "28862", "32422", "36420", "40911", "45957", "51624", "57991", "65143", "73176", "82201", "92338", "1.0373e+05", "1.1652e+05", "1.3089e+05", "1.4703e+05", "1.6516e+05", "1.8553e+05", "2.0841e+05", "2.3411e+05", "2.6298e+05", "2.9541e+05", "3.3185e+05", "3.7277e+05", "4.1874e+05", "4.7038e+05", "5.2839e+05", "5.9356e+05", "6.6675e+05", "7.4898e+05", "8.4135e+05", "9.4511e+05"], "counts": ["0", "0", "0", "0", "0", "0", "0", "0", "0", "0", "3.4968e-06", "0", "5.5422e-06", "4.9338e-06", "8.7843e-06", "5.8649e-06", "5.221e-06", "6.1971e-06", "3.3101e-05", "6.3845e-05", "0.00014209", "0.00026757", "0.00044175", "0.00046111", "0.00058552", "0.00055057", "0.00061198", "0.00056562", "0.00050697", "0.00040718", "0.00031875", "0.00017852", "0.00011019", "6.0737e-05", "4.2268e-05", "3.6099e-05", "4.4719e-05", "3.3603e-05", "3.4361e-05", "3.6826e-05", "3.6094e-05", "3.4508e-05", "3.4443e-05", "3.9702e-05", "3.6349e-05", "3.5582e-05", "3.3111e-05", "3.3734e-05", "3.3316e-05", "3.4682e-05", "3.2243e-05", "3.0843e-05", "2.8885e-05", "2.7951e-05", "2.4568e-05", "2.3942e-05", "2.0467e-05", "1.9669e-05", "1.7668e-05", "1.4954e-05", "1.4012e-05", "1.2213e-05", "1.0748e-05", "9.5684e-06", "8.6687e-06", "7.4778e-06", "6.9477e-06", "5.9677e-06", "5.2055e-06", "4.8685e-06", "4.1611e-06", "3.6637e-06", "2.9849e-06", "2.9632e-06", "2.6604e-06", "2.3556e-06", "1.9996e-06", "1.689e-06", "1.4573e-06", "1.3592e-06", "1.1946e-06", "9.8455e-07", "8.7242e-07", "7.8024e-07", "6.7537e-07", "5.7216e-07", "4.8906e-07", "4.3762e-07", "4.0405e-07", "3.5289e-07", "2.9249e-07", "2.4449e-07", "2.1412e-07", "2.0162e-07", "1.7028e-07", "1.4909e-07", "1.2733e-07", "1.039e-07", "8.7967e-08"]}}
