{"mode": "bam", "runtime_info": {"qc3C_version": "qc3C 0.5rc6", "run_timestamp": "2020-08-23 04:57:20.821512"}, "input_args": {"bam_file": "DRR177158.bam", "fasta_file": "GCF_000230535.1_PelSin_1.0_genomic.fna.gz", "enzymes": ["HindIII"], "seed": 12345, "sample_rate": null, "min_mapq": 60, "max_obs": 200000}, "n_parsed_reads": 908778, "n_analysed_reads": 904120, "n_accepted_reads": 523045, "n_skipped_reads": 0, "n_unmapped": 4658, "n_low_mapq": 144146, "n_ref_len": 1058, "n_secondary": 0, "n_supplementary": 221260, "n_duplicate": 0, "n_weak_mapping": 60243, "n_ref_term": 45, "n_analysed_pairs": 200000, "n_accepted_pairs": 200000, "n_trans_pairs": 120857, "n_cis_pairs": 79143, "n_fully_aligned": 187800, "n_align_term": 212200, "n_no_site_end": 218319, "n_short_inserts": 11195, "classification": {"informative": {"fr": 18028, "rf": 15545, "ffrr": 33830}, "uninformative": {"religation": 1683, "dangling_ends": 8818, "self_circle": 1459, "ffrr": 1463}}, "obs_insert_mean": 232.73401653662512, "obs_insert_median": 231.0, "mean_readlen": 126.70084, "unobs_fraction": 0.0, "digest_stats": {"cs_start": 37, "cs_term": 181681, "cs_full": 1771, "read_thru": 156273, "is_split": 116056, "vestigial": ["AAGCT"]}, "separation_bins": {"bins": [1000, 5000, 10000], "counts": [67948, 58385, 50682], "vs_all_cis": [85.854718673793, 73.77152748821753, 64.0385125658618], "vs_accepted": [33.974, 29.1925, 25.341]}, "digestion": {"cutsites": {"AAGCTT": {"name": "HindIII", "site": "AAGCTT", "site_len": 6}}, "junctions": {"AAGCTAGCTT": {"enz5p": "HindIII", "enz3p": "HindIII", "junction": "AAGCTAGCTT", "vestigial": "AAGCT", "junc_len": 10, "vest_len": 5, "pattern": "AAGCTAGCTT", "cross": true}}}, "junction_frequency": {"HindIII/HindIII AAGCTAGCTT": 156273}, "remnant_frequency": {"HindIII AAGCT": 181681}, "separation_histogram": {"mid_points": [10.616620164890138, 11.92590458022024, 13.396655229964129, 15.048784781339489, 16.904661611992637, 18.98941265811241, 21.33126361099484, 23.96192106802016, 26.917001812029568, 30.236515031165933, 33.96540400801006, 38.15415461200591, 42.85947883362568, 48.145082614724814, 54.08252837083299, 60.75220388317268, 68.24441067834891, 76.66058663141169, 86.11467934525882, 96.7346889007258, 108.66440086483811, 122.06533302063097, 137.1189221755412, 154.02898065582917, 173.02445574580054, 194.36252943220097, 218.33210042159047, 245.25769557414475, 275.50386371124563, 309.4801112851452, 347.64644673531814, 390.51960859719844, 438.6800616864058, 492.7798560806233, 553.5514553028175, 621.8176532316174, 698.5027140050729, 784.644885742276, 881.4104575075971, 990.1095498364425, 1112.2138526123315, 1249.3765504505132, 1403.4547053602469, 1576.534399727262, 1770.958980030221, 1989.3607836862013, 2234.6967785787137, 2510.288597796047, 2819.8675116150134, 3167.6249456110904, 3558.269228865654, 3997.089340590983, 4490.026518246148, 5043.754696654552, 5665.770867197858, 6364.496580470115, 7149.391966648556, 8031.083817316365, 9021.509462852388, 10134.078393360785, 11383.853811345534, 12787.756574192957, 14364.794287663703, 16136.318652118109, 18126.31454571589, 20361.72475852188, 22872.81477413135, 25693.58253763662, 28862.21875783176, 32421.623975741655, 36419.98940012723, 40911.449373967946, 45956.814305742075, 51624.39398874845, 57990.922455487496, 65142.596888814296, 73176.24465580487, 82200.63426494556, 92337.94799585041, 103725.43613961406, 116517.27524675612, 130886.65554179688, 147028.12576621718, 165160.22719690777, 185528.45250239776, 208408.5694971659, 234110.35479473774, 262981.78790994175, 295413.7625947681, 331845.37919516815, 372769.88968263916, 418741.3758510767, 470382.25109579955, 528391.6873422167, 593555.0812173234, 666754.6876276445, 748981.5647128907, 841348.9918994781, 945107.5427225197], "counts": [0.0, 0.0, 0.0, 0.0, 0.0, 0.0, 0.0, 0.0, 0.0, 0.0, 0.0, 0.0, 0.0, 0.0, 2.197976545304482e-06, 3.91334375616884e-06, 8.709294115684092e-06, 6.202516004287745e-06, 3.45098332170704e-05, 5.652696039189164e-05, 0.00013346044892992287, 0.0002814398190973813, 0.000429128984220341, 0.0004437572319776322, 0.0005880934106915415, 0.0005345384263919761, 0.0005940010302955332, 0.0005457525676986981, 0.0005125884159846145, 0.00040138726250665027, 0.00031970825974797046, 0.00017654897020966354, 0.00010757779822477471, 6.030691362635931e-05, 3.822452047797264e-05, 3.651323904386665e-05, 4.3226060726120586e-05, 3.4238547415207666e-05, 3.47953770995032e-05, 3.5297514192758214e-05, 3.698007940861894e-05, 3.33008051811495e-05, 3.447275944513795e-05, 3.6494040588624624e-05, 3.4769728406433456e-05, 3.50158041160636e-05, 3.255463719539633e-05, 3.556283084727375e-05, 3.2965380250431274e-05, 3.4374925035129604e-05, 3.233825586117946e-05, 3.220806556878663e-05, 2.888390348475479e-05, 2.9200977550998138e-05, 2.50510169220456e-05, 2.41124991475204e-05, 2.1315668510281977e-05, 1.9715604924113134e-05, 1.815724899000084e-05, 1.564773961254086e-05, 1.4117812903734566e-05, 1.1880002548864844e-05, 1.0964693792226637e-05, 1.0180840230034518e-05, 8.676216342719595e-06, 7.700346598277025e-06, 6.595110091410935e-06, 6.023741981556628e-06, 5.111190971326874e-06, 4.762713166912161e-06, 4.141921346504281e-06, 3.861536603700948e-06, 3.0263279315327485e-06, 2.894412010375854e-06, 2.533602589196931e-06, 2.2645752391369436e-06, 1.9639762122208366e-06, 1.6818396489502293e-06, 1.4804633540965985e-06, 1.300740409379259e-06, 1.1405951589157033e-06, 1.020824256656558e-06, 8.747961845184216e-07, 7.586040898300095e-07, 7.05434730470882e-07, 5.521280675916974e-07, 4.849118407011353e-07, 4.6602909592655483e-07, 4.0400154798830176e-07, 3.585736263295783e-07, 3.000743256429967e-07, 2.5946594259099106e-07, 2.1708123225595076e-07, 2.0112292784958847e-07, 1.6782746394595533e-07, 1.5154195600616915e-07, 1.171292261907438e-07, 1.0455277918036824e-07, 8.904961968393404e-08]}}
