{
	"CS_SAMPLE_DESC": "",
	"CS_SAMPLE_ID": "testrun_1_2",
	"art_dup_perc": 0.0291635,
	"assembly_size": 964828,
	"bad_cycles_r1": 0,
	"bad_cycles_r2": 0,
	"base_checksum": 68098908455964,
	"bases_per_read": 139.5,
	"big_bc_perc": 0,
	"checksum": 71251900978903,
	"commit_hash": "b5305e091",
	"contig_N50": 99955,
	"dup_perc": 12.0085,
	"edge_N50": 14020,
	"effective_coverage": 56.2142,
	"etime_cp_h": 0.0177625,
	"etime_df_h": 0.00581076,
	"etime_h": 0.0272249,
	"etime_mc_h": 0.00174844,
	"etime_tr_h": 0.00190324,
	"hetdist": 9648,
	"interdup_perc": 0.798782,
	"lw_mean_mol_len": 122190,
	"max_low_q_base_frac": 0.00712791,
	"median_ins_sz": 372,
	"mem_peak_cp_gb": 0.0761189,
	"mem_peak_df_gb": 0.0890195,
	"mem_peak_mc_gb": 0.0581369,
	"mem_peak_tr_gb": 0.0799596,
	"nreads": 466336,
	"phase_block_N50": 702969,
	"placed_perc": 33.9697,
	"proper_pairs_perc": 91.7646,
	"q30_r2_perc": 88.8221,
	"rpb_N50": 148,
	"scaffold_N50": 964781,
	"scaffold_N60": 771824,
	"scaffolds_10kb_plus": 1,
	"scaffolds_1kb_plus": 6,
	"unbar_perc": 3.89161,
	"valid_bc_perc": 96.1084
}
