{
    "Metadata": {
        "tool_name": "Sex.DetERRmine",
        "version": "1.1.1"
    },
    "BOO002.A0101": {
        "Snps Autosomal": 1150639,
        "XSnps": 49704,
        "YSnps": 32670,
        "NR Aut": 969897,
        "NrX": 16058,
        "NrY": 13595,
        "RateX": 0.38327773111549823,
        "RateY": 0.4936777470284074,
        "RateErrX": 0.003049534837503133,
        "RateErrY": 0.004263600979150398
    }
}
