{"mode": "bam", "runtime_info": {"qc3C_version": "qc3C 0.4a2", "run_timestamp": "2020-06-07 22:54:00.728157"}, "input_args": {"bam_file": "mac_qc3C/DRR177160.bam", "fasta_file": "mac_qc3C/GCF_000230535.1_PelSin_1.0_genomic.fna.gz", "enzymes": ["DpnII"], "seed": 12345, "sample_rate": 0.5, "min_mapq": 60, "max_obs": 200000}, "n_parsed_reads": 1748111, "n_analysed_reads": 1236290, "n_accepted_reads": 832449, "n_skipped_reads": 511821, "n_unmapped": 0, "n_low_mapq": 284341, "n_ref_len": 2791, "n_secondary": 0, "n_supplementary": 0, "n_weak_mapping": 170508, "n_ref_term": 1395, "n_analysed_pairs": 200000, "n_accepted_pairs": 200000, "n_trans_pairs": 115750, "n_cis_pairs": 84250, "n_fully_aligned": 184169, "n_align_term": 215831, "n_no_site_end": 207649, "n_short_inserts": 15776, "classification": {"informative": {"fr": 17740, "rf": 16910, "ffrr": 34912}, "uninformative": {"religation": 555, "dangling_ends": 11934, "self_circle": 1715, "ffrr": 484}}, "obs_insert_mean": 216.25008970218875, "obs_insert_median": 214.0, "mean_readlen": 127.0, "unobs_frac": 0, "digest_stats": {"cs_start": 15667, "cs_term": 192351, "cs_full": 1905, "read_thru": 184677, "is_split": 135849, "vestigial": ["GATC"]}, "separation_bins": {"counts": [68397, 55986, 47214], "vs_all_cis": ["81.183", "66.452", "56.04"], "zvs_accepted": ["34.198", "27.993", "23.607"]}, "digestion": {"cutsites": {"GATC": {"name": "DpnII", "site": "GATC", "site_len": 4}}, "junctions": {"GATCGATC": {"enz5p": "DpnII", "enz3p": "DpnII", "junction": "GATCGATC", "vestigial": "GATC", "junc_len": 8, "vest_len": 4, "pattern": "GATCGATC", "cross": true}}}, "junction_frequency": {"DpnII/DpnII GATCGATC": 184677}, "remnant_frequency": {"DpnII GATC": 192351}, "separation_histogram": {"mid_points": ["10.617", "11.926", "13.397", "15.049", "16.905", "18.989", "21.331", "23.962", "26.917", "30.237", "33.965", "38.154", "42.859", "48.145", "54.083", "60.752", "68.244", "76.661", "86.115", "96.735", "108.66", "122.07", "137.12", "154.03", "173.02", "194.36", "218.33", "245.26", "275.5", "309.48", "347.65", "390.52", "438.68", "492.78", "553.55", "621.82", "698.5", "784.64", "881.41", "990.11", "1112.2", "1249.4", "1403.5", "1576.5", "1771", "1989.4", "2234.7", "2510.3", "2819.9", "3167.6", "3558.3", "3997.1", "4490", "5043.8", "5665.8", "6364.5", "7149.4", "8031.1", "9021.5", "10134", "11384", "12788", "14365", "16136", "18126", "20362", "22873", "25694", "28862", "32422", "36420", "40911", "45957", "51624", "57991", "65143", "73176", "82201", "92338", "1.0373e+05", "1.1652e+05", "1.3089e+05", "1.4703e+05", "1.6516e+05", "1.8553e+05", "2.0841e+05", "2.3411e+05", "2.6298e+05", "2.9541e+05", "3.3185e+05", "3.7277e+05", "4.1874e+05", "4.7038e+05", "5.2839e+05", "5.9356e+05", "6.6675e+05", "7.4898e+05", "8.4135e+05", "9.4511e+05"], "counts": ["0", "0", "0", "0", "0", "0", "0", "0", "0", "6.8641e-05", "9.005e-05", "4.8671e-05", "1.7841e-05", "1.3613e-05", "1.8178e-05", "5.3941e-06", "2.2409e-05", "2.4224e-05", "4.186e-05", "9.8243e-05", "0.00024227", "0.00048951", "0.00060625", "0.00067373", "0.00078853", "0.00072725", "0.00073146", "0.00064715", "0.00058721", "0.00046591", "0.00031484", "0.00023496", "0.00013446", "8.6452e-05", "6.4923e-05", "6.1133e-05", "6.0052e-05", "5.151e-05", "4.9821e-05", "4.8544e-05", "4.8911e-05", "4.6077e-05", "4.3587e-05", "4.5869e-05", "4.7001e-05", "4.6344e-05", "4.2087e-05", "4.2906e-05", "3.9164e-05", "3.6416e-05", "3.7176e-05", "3.468e-05", "3.3233e-05", "3.045e-05", "2.8014e-05", "2.5899e-05", "2.272e-05", "1.9777e-05", "1.8041e-05", "1.5576e-05", "1.3626e-05", "1.1617e-05", "1.0441e-05", "9.017e-06", "8.0331e-06", "6.8776e-06", "6.1416e-06", "5.3994e-06", "4.852e-06", "4.2014e-06", "3.5902e-06", "3.3509e-06", "2.9141e-06", "2.4693e-06", "2.2359e-06", "1.9519e-06", "1.6809e-06", "1.4192e-06", "1.3273e-06", "1.1532e-06", "9.7594e-07", "8.5795e-07", "7.6599e-07", "6.7065e-07", "5.8525e-07", "5.1261e-07", "4.5213e-07", "3.6843e-07", "3.1911e-07", "2.6268e-07", "2.6842e-07", "2.1521e-07", "1.758e-07", "1.5091e-07", "1.314e-07", "1.0764e-07", "9.9612e-08", "8.2704e-08", "6.877e-08"]}}
