{"mode": "bam", "runtime_info": {"qc3C_version": "qc3C 0.5rc6", "run_timestamp": "2020-08-23 04:57:44.878351"}, "input_args": {"bam_file": "DRR177160.bam", "fasta_file": "GCF_000230535.1_PelSin_1.0_genomic.fna.gz", "enzymes": ["DpnII"], "seed": 12345, "sample_rate": null, "min_mapq": 60, "max_obs": 200000}, "n_parsed_reads": 1168269, "n_analysed_reads": 1150424, "n_accepted_reads": 585819, "n_skipped_reads": 0, "n_unmapped": 17845, "n_low_mapq": 278953, "n_ref_len": 2533, "n_secondary": 0, "n_supplementary": 282831, "n_duplicate": 0, "n_weak_mapping": 82111, "n_ref_term": 110, "n_analysed_pairs": 200000, "n_accepted_pairs": 200000, "n_trans_pairs": 115942, "n_cis_pairs": 84058, "n_fully_aligned": 186116, "n_align_term": 213884, "n_no_site_end": 207962, "n_short_inserts": 15796, "classification": {"informative": {"fr": 18309, "rf": 16777, "ffrr": 34922}, "uninformative": {"religation": 535, "dangling_ends": 12016, "self_circle": 1589, "ffrr": 445}}, "obs_insert_mean": 217.52597928860874, "obs_insert_median": 215.0, "mean_readlen": 126.60057, "unobs_fraction": 0.0, "digest_stats": {"cs_start": 15736, "cs_term": 192038, "cs_full": 1988, "read_thru": 184276, "is_split": 135541, "vestigial": ["GATC"]}, "separation_bins": {"bins": [1000, 5000, 10000], "counts": [68262, 56078, 47320], "vs_all_cis": [81.20821337647814, 66.7134597539794, 56.29446334673678], "vs_accepted": [34.131, 28.038999999999998, 23.66]}, "digestion": {"cutsites": {"GATC": {"name": "DpnII", "site": "GATC", "site_len": 4}}, "junctions": {"GATCGATC": {"enz5p": "DpnII", "enz3p": "DpnII", "junction": "GATCGATC", "vestigial": "GATC", "junc_len": 8, "vest_len": 4, "pattern": "GATCGATC", "cross": true}}}, "junction_frequency": {"DpnII/DpnII GATCGATC": 184276}, "remnant_frequency": {"DpnII GATC": 192038}, "separation_histogram": {"mid_points": [10.616620164890138, 11.92590458022024, 13.396655229964129, 15.048784781339489, 16.904661611992637, 18.98941265811241, 21.33126361099484, 23.96192106802016, 26.917001812029568, 30.236515031165933, 33.96540400801006, 38.15415461200591, 42.85947883362568, 48.145082614724814, 54.08252837083299, 60.75220388317268, 68.24441067834891, 76.66058663141169, 86.11467934525882, 96.7346889007258, 108.66440086483811, 122.06533302063097, 137.1189221755412, 154.02898065582917, 173.02445574580054, 194.36252943220097, 218.33210042159047, 245.25769557414475, 275.50386371124563, 309.4801112851452, 347.64644673531814, 390.51960859719844, 438.6800616864058, 492.7798560806233, 553.5514553028175, 621.8176532316174, 698.5027140050729, 784.644885742276, 881.4104575075971, 990.1095498364425, 1112.2138526123315, 1249.3765504505132, 1403.4547053602469, 1576.534399727262, 1770.958980030221, 1989.3607836862013, 2234.6967785787137, 2510.288597796047, 2819.8675116150134, 3167.6249456110904, 3558.269228865654, 3997.089340590983, 4490.026518246148, 5043.754696654552, 5665.770867197858, 6364.496580470115, 7149.391966648556, 8031.083817316365, 9021.509462852388, 10134.078393360785, 11383.853811345534, 12787.756574192957, 14364.794287663703, 16136.318652118109, 18126.31454571589, 20361.72475852188, 22872.81477413135, 25693.58253763662, 28862.21875783176, 32421.623975741655, 36419.98940012723, 40911.449373967946, 45956.814305742075, 51624.39398874845, 57990.922455487496, 65142.596888814296, 73176.24465580487, 82200.63426494556, 92337.94799585041, 103725.43613961406, 116517.27524675612, 130886.65554179688, 147028.12576621718, 165160.22719690777, 185528.45250239776, 208408.5694971659, 234110.35479473774, 262981.78790994175, 295413.7625947681, 331845.37919516815, 372769.88968263916, 418741.3758510767, 470382.25109579955, 528391.6873422167, 593555.0812173234, 666754.6876276445, 748981.5647128907, 841348.9918994781, 945107.5427225197], "counts": [0.0, 0.0, 0.0, 0.0, 0.0, 0.0, 0.0, 0.0, 0.0, 0.0, 0.0, 0.0, 0.0, 0.0, 6.076326002784762e-06, 9.015395119601579e-06, 2.0866665915463857e-05, 3.5722732270937925e-05, 5.596961068319e-05, 9.625282498445887e-05, 0.00022580706549649808, 0.0004594670996687011, 0.0005959615417373129, 0.0006478772557942036, 0.0007951680943146647, 0.0007264691448784138, 0.0007520744561906986, 0.0006427098397699963, 0.0005916325173396175, 0.0004672162993331454, 0.00032580634830186743, 0.0002415111046918622, 0.00012735003790544244, 8.291491956575149e-05, 6.609449189482131e-05, 6.429935484611407e-05, 5.629931995877733e-05, 5.332943871961903e-05, 4.971169722148862e-05, 4.912205409650639e-05, 4.786573892385626e-05, 4.629321792848331e-05, 4.4411011406576955e-05, 4.342635359622864e-05, 4.540088893870297e-05, 4.366529848378383e-05, 4.401842832763023e-05, 4.114952606408902e-05, 3.810808294040689e-05, 3.634509094474946e-05, 3.6295417674601764e-05, 3.390022982575888e-05, 3.2984095860757315e-05, 3.0296820194113377e-05, 2.807271442336057e-05, 2.5214500288003966e-05, 2.252293715812896e-05, 2.014573584777672e-05, 1.869899692416086e-05, 1.54030740461196e-05, 1.3211679375162978e-05, 1.147855544088618e-05, 1.0683548418540568e-05, 9.232328420302298e-06, 8.073721127061753e-06, 6.880702493023941e-06, 6.120516021582175e-06, 5.337728300302718e-06, 4.770702797488053e-06, 4.2570875211680854e-06, 3.687461150397584e-06, 3.3576039665724266e-06, 2.9746883158589847e-06, 2.622649793916356e-06, 2.236497842956519e-06, 1.9674223129115032e-06, 1.7454412308654319e-06, 1.4738617792525362e-06, 1.3440842408575213e-06, 1.1743466574229122e-06, 1.0040555264914395e-06, 8.980099520389162e-07, 7.554649713619672e-07, 6.479863992199303e-07, 5.715334239312407e-07, 5.135181397477285e-07, 4.4357239685889533e-07, 3.848780077993828e-07, 3.2185910504759164e-07, 2.809121888556752e-07, 2.512476960223519e-07, 2.0979990681203925e-07, 1.730273219239336e-07, 1.5900697870126097e-07, 1.3379928040404539e-07, 1.1089564557272377e-07, 1.0062226948165412e-07, 8.111266419437239e-08, 6.38626841490282e-08]}}
