{"mode": "bam", "runtime_info": {"qc3C_version": "qc3C 0.4a2", "run_timestamp": "2020-06-07 22:55:38.944993"}, "input_args": {"bam_file": "mac_qc3C/DRR177170.bam", "fasta_file": "mac_qc3C/GCF_000230535.1_PelSin_1.0_genomic.fna.gz", "enzymes": ["DpnII"], "seed": 12345, "sample_rate": 0.5, "min_mapq": 60, "max_obs": 200000}, "n_parsed_reads": 1705778, "n_analysed_reads": 1206283, "n_accepted_reads": 820171, "n_skipped_reads": 499495, "n_unmapped": 0, "n_low_mapq": 271283, "n_ref_len": 2624, "n_secondary": 0, "n_supplementary": 0, "n_weak_mapping": 164531, "n_ref_term": 1429, "n_analysed_pairs": 200000, "n_accepted_pairs": 200000, "n_trans_pairs": 114949, "n_cis_pairs": 85051, "n_fully_aligned": 139759, "n_align_term": 260241, "n_no_site_end": 175396, "n_short_inserts": 16518, "classification": {"informative": {"fr": 17598, "rf": 16772, "ffrr": 34827}, "uninformative": {"religation": 419, "dangling_ends": 11764, "self_circle": 2279, "ffrr": 1392}}, "obs_insert_mean": 216.87286042748872, "obs_insert_median": 214.0, "mean_readlen": 151.0, "unobs_frac": 0, "digest_stats": {"cs_start": 14180, "cs_term": 224604, "cs_full": 1586, "read_thru": 215592, "is_split": 174890, "vestigial": ["GATC"]}, "separation_bins": {"counts": [68185, 56247, 47604], "vs_all_cis": ["80.17", "66.133", "55.971"], "zvs_accepted": ["34.093", "28.123", "23.802"]}, "digestion": {"cutsites": {"GATC": {"name": "DpnII", "site": "GATC", "site_len": 4}}, "junctions": {"GATCGATC": {"enz5p": "DpnII", "enz3p": "DpnII", "junction": "GATCGATC", "vestigial": "GATC", "junc_len": 8, "vest_len": 4, "pattern": "GATCGATC", "cross": true}}}, "junction_frequency": {"DpnII/DpnII GATCGATC": 215592}, "remnant_frequency": {"DpnII GATC": 224604}, "separation_histogram": {"mid_points": ["10.617", "11.926", "13.397", "15.049", "16.905", "18.989", "21.331", "23.962", "26.917", "30.237", "33.965", "38.154", "42.859", "48.145", "54.083", "60.752", "68.244", "76.661", "86.115", "96.735", "108.66", "122.07", "137.12", "154.03", "173.02", "194.36", "218.33", "245.26", "275.5", "309.48", "347.65", "390.52", "438.68", "492.78", "553.55", "621.82", "698.5", "784.64", "881.41", "990.11", "1112.2", "1249.4", "1403.5", "1576.5", "1771", "1989.4", "2234.7", "2510.3", "2819.9", "3167.6", "3558.3", "3997.1", "4490", "5043.8", "5665.8", "6364.5", "7149.4", "8031.1", "9021.5", "10134", "11384", "12788", "14365", "16136", "18126", "20362", "22873", "25694", "28862", "32422", "36420", "40911", "45957", "51624", "57991", "65143", "73176", "82201", "92338", "1.0373e+05", "1.1652e+05", "1.3089e+05", "1.4703e+05", "1.6516e+05", "1.8553e+05", "2.0841e+05", "2.3411e+05", "2.6298e+05", "2.9541e+05", "3.3185e+05", "3.7277e+05", "4.1874e+05", "4.7038e+05", "5.2839e+05", "5.9356e+05", "6.6675e+05", "7.4898e+05", "8.4135e+05", "9.4511e+05"], "counts": ["0", "0", "0", "0", "0", "0", "0", "0", "0", "9.308e-05", "0.0001944", "0.00028087", "0.00022478", "0.00016413", "0.00015812", "0.00014967", "0.0001142", "0.00011861", "9.3018e-05", "0.00013204", "0.00020521", "0.00043896", "0.00061181", "0.00078077", "0.0008183", "0.00073793", "0.00077244", "0.00068984", "0.00061804", "0.00049842", "0.00033254", "0.00019736", "0.00013473", "8.6109e-05", "5.9251e-05", "5.0135e-05", "5.207e-05", "5.1595e-05", "4.8142e-05", "4.548e-05", "4.9538e-05", "4.4446e-05", "4.4503e-05", "4.5865e-05", "4.0891e-05", "4.3258e-05", "4.0253e-05", "3.937e-05", "3.8233e-05", "3.7761e-05", "3.6049e-05", "3.2416e-05", "2.9822e-05", "2.9617e-05", "2.7569e-05", "2.4695e-05", "2.2105e-05", "1.9948e-05", "1.7494e-05", "1.4954e-05", "1.3122e-05", "1.1868e-05", "1.0007e-05", "8.7073e-06", "7.7991e-06", "7.113e-06", "6.2801e-06", "5.4937e-06", "4.5868e-06", "4.1433e-06", "3.8846e-06", "3.3841e-06", "2.923e-06", "2.5413e-06", "2.1877e-06", "2.0206e-06", "1.7071e-06", "1.5157e-06", "1.3774e-06", "1.0989e-06", "1.0442e-06", "8.692e-07", "7.3328e-07", "6.1935e-07", "5.8695e-07", "5.1576e-07", "4.4018e-07", "3.7415e-07", "2.9827e-07", "2.5998e-07", "2.4044e-07", "2.0318e-07", "1.8111e-07", "1.5446e-07", "1.3185e-07", "1.164e-07", "9.6398e-08", "8.5043e-08", "7.0896e-08"]}}
