{"mode": "bam", "runtime_info": {"qc3C_version": "qc3C 0.5rc6", "run_timestamp": "2020-08-23 05:00:03.171104"}, "input_args": {"bam_file": "DRR177170.bam", "fasta_file": "GCF_000230535.1_PelSin_1.0_genomic.fna.gz", "enzymes": ["DpnII"], "seed": 12345, "sample_rate": null, "min_mapq": 60, "max_obs": 200000}, "n_parsed_reads": 1212354, "n_analysed_reads": 1199393, "n_accepted_reads": 572623, "n_skipped_reads": 0, "n_unmapped": 12961, "n_low_mapq": 281389, "n_ref_len": 2498, "n_secondary": 0, "n_supplementary": 362924, "n_duplicate": 0, "n_weak_mapping": 79141, "n_ref_term": 113, "n_analysed_pairs": 200000, "n_accepted_pairs": 200000, "n_trans_pairs": 114743, "n_cis_pairs": 85257, "n_fully_aligned": 141129, "n_align_term": 258871, "n_no_site_end": 173138, "n_short_inserts": 16787, "classification": {"informative": {"fr": 18272, "rf": 16795, "ffrr": 34863}, "uninformative": {"religation": 432, "dangling_ends": 11862, "self_circle": 2079, "ffrr": 1386}}, "obs_insert_mean": 214.95530870576079, "obs_insert_median": 212.0, "mean_readlen": 149.251715, "unobs_fraction": 0.0, "digest_stats": {"cs_start": 13693, "cs_term": 226862, "cs_full": 1626, "read_thru": 217257, "is_split": 176315, "vestigial": ["GATC"]}, "separation_bins": {"bins": [1000, 5000, 10000], "counts": [68470, 56361, 47603], "vs_all_cis": [80.31012116307166, 66.10718181498292, 55.83471151928874], "vs_accepted": [34.235, 28.180500000000002, 23.8015]}, "digestion": {"cutsites": {"GATC": {"name": "DpnII", "site": "GATC", "site_len": 4}}, "junctions": {"GATCGATC": {"enz5p": "DpnII", "enz3p": "DpnII", "junction": "GATCGATC", "vestigial": "GATC", "junc_len": 8, "vest_len": 4, "pattern": "GATCGATC", "cross": true}}}, "junction_frequency": {"DpnII/DpnII GATCGATC": 217257}, "remnant_frequency": {"DpnII GATC": 226862}, "separation_histogram": {"mid_points": [10.616620164890138, 11.92590458022024, 13.396655229964129, 15.048784781339489, 16.904661611992637, 18.98941265811241, 21.33126361099484, 23.96192106802016, 26.917001812029568, 30.236515031165933, 33.96540400801006, 38.15415461200591, 42.85947883362568, 48.145082614724814, 54.08252837083299, 60.75220388317268, 68.24441067834891, 76.66058663141169, 86.11467934525882, 96.7346889007258, 108.66440086483811, 122.06533302063097, 137.1189221755412, 154.02898065582917, 173.02445574580054, 194.36252943220097, 218.33210042159047, 245.25769557414475, 275.50386371124563, 309.4801112851452, 347.64644673531814, 390.51960859719844, 438.6800616864058, 492.7798560806233, 553.5514553028175, 621.8176532316174, 698.5027140050729, 784.644885742276, 881.4104575075971, 990.1095498364425, 1112.2138526123315, 1249.3765504505132, 1403.4547053602469, 1576.534399727262, 1770.958980030221, 1989.3607836862013, 2234.6967785787137, 2510.288597796047, 2819.8675116150134, 3167.6249456110904, 3558.269228865654, 3997.089340590983, 4490.026518246148, 5043.754696654552, 5665.770867197858, 6364.496580470115, 7149.391966648556, 8031.083817316365, 9021.509462852388, 10134.078393360785, 11383.853811345534, 12787.756574192957, 14364.794287663703, 16136.318652118109, 18126.31454571589, 20361.72475852188, 22872.81477413135, 25693.58253763662, 28862.21875783176, 32421.623975741655, 36419.98940012723, 40911.449373967946, 45956.814305742075, 51624.39398874845, 57990.922455487496, 65142.596888814296, 73176.24465580487, 82200.63426494556, 92337.94799585041, 103725.43613961406, 116517.27524675612, 130886.65554179688, 147028.12576621718, 165160.22719690777, 185528.45250239776, 208408.5694971659, 234110.35479473774, 262981.78790994175, 295413.7625947681, 331845.37919516815, 372769.88968263916, 418741.3758510767, 470382.25109579955, 528391.6873422167, 593555.0812173234, 666754.6876276445, 748981.5647128907, 841348.9918994781, 945107.5427225197], "counts": [0.0, 0.0, 0.0, 0.0, 0.0, 0.0, 0.0, 0.0, 0.0, 0.0, 0.0, 0.0, 0.0, 0.0, 0.0001345167301254202, 0.00011617423068888401, 9.069143082854331e-05, 0.0001090629078596607, 9.582854394515753e-05, 0.00012122717983040543, 0.00021583652850197383, 0.00043320664210027166, 0.0006263795616815339, 0.0007627519126362497, 0.0008735549506844072, 0.0007273725841766673, 0.0008006943594077414, 0.0006769293242813385, 0.0006227129235340035, 0.0004971593273781663, 0.0003192063974805866, 0.00019240738403345178, 0.00011880968033590246, 7.976531967282675e-05, 5.865049439105134e-05, 5.011610785729986e-05, 5.56510566387897e-05, 5.037171310406016e-05, 4.693591218451546e-05, 4.836306606409097e-05, 5.06684412315159e-05, 4.684399227169789e-05, 4.4641203881704584e-05, 4.4836945938087757e-05, 4.120209100322033e-05, 4.26280991578283e-05, 4.251556314645e-05, 3.953493491514642e-05, 3.7042889317216814e-05, 3.8460735781552765e-05, 3.759502593417668e-05, 3.325033676180606e-05, 3.039798928638052e-05, 2.9471889319314282e-05, 2.7865310417365476e-05, 2.5044968164379992e-05, 2.3328165815198843e-05, 1.9793628009244717e-05, 1.8017771595305214e-05, 1.4957521806292834e-05, 1.3344026334108872e-05, 1.1539409410442108e-05, 1.0295233059101805e-05, 8.942912989827112e-06, 7.721503830106255e-06, 7.001783040295871e-06, 6.294806678449907e-06, 5.278326621063531e-06, 4.687559724607859e-06, 4.226521438629443e-06, 3.834066483915663e-06, 3.2751317862090296e-06, 3.017167820217388e-06, 2.5576263301442792e-06, 2.228155160370713e-06, 2.0002057174529558e-06, 1.6678411277709335e-06, 1.505872383057662e-06, 1.3040967510330499e-06, 1.1431306112797243e-06, 1.0474528361079168e-06, 8.644319975687435e-07, 7.658378402556827e-07, 6.350824926274441e-07, 6.215448616937837e-07, 5.32989369341206e-07, 4.3505153078912815e-07, 3.687094520675989e-07, 3.142634518500856e-07, 2.634017109251304e-07, 2.216676501748554e-07, 2.017400885907394e-07, 1.858246998881821e-07, 1.526832244210539e-07, 1.2915230448163226e-07, 1.1937032680038436e-07, 9.365260794576589e-08, 8.724268099687664e-08, 7.318409202281576e-08]}}
