{"mode": "bam", "runtime_info": {"qc3C_version": "qc3C 0.5rc6", "run_timestamp": "2020-08-23 05:00:49.668306"}, "input_args": {"bam_file": "DRR177173.bam", "fasta_file": "Homo_sapiens.GRCh37.dna.primary_assembly.fa.gz", "enzymes": ["HindIII"], "seed": 12345, "sample_rate": null, "min_mapq": 60, "max_obs": 200000}, "n_parsed_reads": 834336, "n_analysed_reads": 831631, "n_accepted_reads": 485440, "n_skipped_reads": 0, "n_unmapped": 2705, "n_low_mapq": 95271, "n_ref_len": 0, "n_secondary": 0, "n_supplementary": 232152, "n_duplicate": 0, "n_weak_mapping": 51223, "n_ref_term": 0, "n_analysed_pairs": 200000, "n_accepted_pairs": 200000, "n_trans_pairs": 35125, "n_cis_pairs": 164875, "n_fully_aligned": 151214, "n_align_term": 248786, "n_no_site_end": 178164, "n_short_inserts": 12054, "classification": {"informative": {"fr": 39147, "rf": 36850, "ffrr": 76095}, "uninformative": {"religation": 1450, "dangling_ends": 9816, "self_circle": 1530, "ffrr": 1437}}, "obs_insert_mean": 235.33004758667573, "obs_insert_median": 233.0, "mean_readlen": 150.368255, "unobs_fraction": 0.0, "digest_stats": {"cs_start": 34, "cs_term": 221836, "cs_full": 1442, "read_thru": 201345, "is_split": 162448, "vestigial": ["AAGCT"]}, "separation_bins": {"bins": [1000, 5000, 10000], "counts": [152821, 144478, 137276], "vs_all_cis": [92.68900682335102, 87.62880970432145, 83.2606520090978], "vs_accepted": [76.4105, 72.239, 68.638]}, "digestion": {"cutsites": {"AAGCTT": {"name": "HindIII", "site": "AAGCTT", "site_len": 6}}, "junctions": {"AAGCTAGCTT": {"enz5p": "HindIII", "enz3p": "HindIII", "junction": "AAGCTAGCTT", "vestigial": "AAGCT", "junc_len": 10, "vest_len": 5, "pattern": "AAGCTAGCTT", "cross": true}}}, "junction_frequency": {"HindIII/HindIII AAGCTAGCTT": 201345}, "remnant_frequency": {"HindIII AAGCT": 221836}, "separation_histogram": {"mid_points": [10.616620164890138, 11.92590458022024, 13.396655229964129, 15.048784781339489, 16.904661611992637, 18.98941265811241, 21.33126361099484, 23.96192106802016, 26.917001812029568, 30.236515031165933, 33.96540400801006, 38.15415461200591, 42.85947883362568, 48.145082614724814, 54.08252837083299, 60.75220388317268, 68.24441067834891, 76.66058663141169, 86.11467934525882, 96.7346889007258, 108.66440086483811, 122.06533302063097, 137.1189221755412, 154.02898065582917, 173.02445574580054, 194.36252943220097, 218.33210042159047, 245.25769557414475, 275.50386371124563, 309.4801112851452, 347.64644673531814, 390.51960859719844, 438.6800616864058, 492.7798560806233, 553.5514553028175, 621.8176532316174, 698.5027140050729, 784.644885742276, 881.4104575075971, 990.1095498364425, 1112.2138526123315, 1249.3765504505132, 1403.4547053602469, 1576.534399727262, 1770.958980030221, 1989.3607836862013, 2234.6967785787137, 2510.288597796047, 2819.8675116150134, 3167.6249456110904, 3558.269228865654, 3997.089340590983, 4490.026518246148, 5043.754696654552, 5665.770867197858, 6364.496580470115, 7149.391966648556, 8031.083817316365, 9021.509462852388, 10134.078393360785, 11383.853811345534, 12787.756574192957, 14364.794287663703, 16136.318652118109, 18126.31454571589, 20361.72475852188, 22872.81477413135, 25693.58253763662, 28862.21875783176, 32421.623975741655, 36419.98940012723, 40911.449373967946, 45956.814305742075, 51624.39398874845, 57990.922455487496, 65142.596888814296, 73176.24465580487, 82200.63426494556, 92337.94799585041, 103725.43613961406, 116517.27524675612, 130886.65554179688, 147028.12576621718, 165160.22719690777, 185528.45250239776, 208408.5694971659, 234110.35479473774, 262981.78790994175, 295413.7625947681, 331845.37919516815, 372769.88968263916, 418741.3758510767, 470382.25109579955, 528391.6873422167, 593555.0812173234, 666754.6876276445, 748981.5647128907, 841348.9918994781, 945107.5427225197], "counts": [0.0, 0.0, 0.0, 0.0, 0.0, 0.0, 0.0, 0.0, 0.0, 0.0, 0.0, 0.0, 0.0, 0.0, 8.894666062544386e-06, 3.959082954436518e-06, 0.0, 6.2750110691108515e-06, 6.517127767566628e-06, 9.116871425295078e-06, 3.0250457769934965e-05, 9.326772601158004e-05, 0.0001719037393247531, 0.00031022672104360447, 0.00040544873088677605, 0.0004570488307243754, 0.0004975733213708383, 0.000458965296403117, 0.0003844240129356054, 0.00032589918989206647, 0.00023177343167894777, 0.00015664519465989266, 8.242596306981336e-05, 3.676976692040169e-05, 2.8677585122859148e-05, 2.4239864401084066e-05, 2.2496935212561316e-05, 1.910749885799897e-05, 2.228554552666343e-05, 2.2511111063787028e-05, 1.939096240036384e-05, 2.1754130623733617e-05, 2.1136774168838108e-05, 2.1714998703005405e-05, 2.1730419963467936e-05, 1.994927102905174e-05, 2.1920880344175217e-05, 2.0440508929487844e-05, 1.9475887251866882e-05, 1.819828742755309e-05, 1.8340914405813276e-05, 1.933608571530023e-05, 1.632047046707239e-05, 1.6865406434398732e-05, 1.478742883639616e-05, 1.4700841078179246e-05, 1.337847833963552e-05, 1.3127649671659689e-05, 1.2379619362273372e-05, 1.0696158165188158e-05, 1.01064347221617e-05, 9.14110184481689e-06, 8.232428992299097e-06, 7.567123569635267e-06, 6.555020825135761e-06, 6.103128581046206e-06, 5.650421016508521e-06, 4.9208759145001605e-06, 4.7362002177796395e-06, 4.250857008442111e-06, 3.8039894801943406e-06, 3.3197388780801754e-06, 3.0686779134713774e-06, 2.856025934716564e-06, 2.5908660109864226e-06, 2.343350547485839e-06, 2.0926598083027124e-06, 1.8980299080043245e-06, 1.7304635814313961e-06, 1.5752674319302722e-06, 1.4725119820614727e-06, 1.3218782410692942e-06, 1.2132910063439077e-06, 1.1359148310580896e-06, 1.0362726611521256e-06, 9.101952229067825e-07, 8.414337303674602e-07, 7.490570001753935e-07, 6.646506673275335e-07, 6.291302816571005e-07, 5.48232016400998e-07, 4.6985523161608927e-07, 4.1793132500900325e-07, 3.7402129630935136e-07, 3.3268925063748396e-07, 2.788496187879087e-07, 2.386021344776064e-07, 2.086908078840961e-07, 1.7152811153537144e-07]}}
