{"mode": "bam", "runtime_info": {"qc3C_version": "qc3C 0.4a2", "run_timestamp": "2020-06-07 22:55:25.970592"}, "input_args": {"bam_file": "mac_qc3C/DRR177169.bam", "fasta_file": "mac_qc3C/GCF_000230535.1_PelSin_1.0_genomic.fna.gz", "enzymes": ["DpnII"], "seed": 12345, "sample_rate": 0.5, "min_mapq": 60, "max_obs": 200000}, "n_parsed_reads": 1641841, "n_analysed_reads": 1161121, "n_accepted_reads": 807184, "n_skipped_reads": 480720, "n_unmapped": 0, "n_low_mapq": 247690, "n_ref_len": 2243, "n_secondary": 0, "n_supplementary": 0, "n_weak_mapping": 147268, "n_ref_term": 1076, "n_analysed_pairs": 200000, "n_accepted_pairs": 200000, "n_trans_pairs": 116368, "n_cis_pairs": 83632, "n_fully_aligned": 128212, "n_align_term": 271788, "n_no_site_end": 159163, "n_short_inserts": 6692, "classification": {"informative": {"fr": 19874, "rf": 19347, "ffrr": 39274}, "uninformative": {"religation": 337, "dangling_ends": 3480, "self_circle": 617, "ffrr": 703}}, "obs_insert_mean": 220.5532672260361, "obs_insert_median": 218.0, "mean_readlen": 151.0, "unobs_frac": 0, "digest_stats": {"cs_start": 30522, "cs_term": 240837, "cs_full": 1665, "read_thru": 231732, "is_split": 189194, "vestigial": ["GATC"]}, "separation_bins": {"counts": [76828, 66796, 59396], "vs_all_cis": ["91.864", "79.869", "71.021"], "zvs_accepted": ["38.414", "33.398", "29.698"]}, "digestion": {"cutsites": {"GATC": {"name": "DpnII", "site": "GATC", "site_len": 4}}, "junctions": {"GATCGATC": {"enz5p": "DpnII", "enz3p": "DpnII", "junction": "GATCGATC", "vestigial": "GATC", "junc_len": 8, "vest_len": 4, "pattern": "GATCGATC", "cross": true}}}, "junction_frequency": {"DpnII/DpnII GATCGATC": 231732}, "remnant_frequency": {"DpnII GATC": 240837}, "separation_histogram": {"mid_points": ["10.617", "11.926", "13.397", "15.049", "16.905", "18.989", "21.331", "23.962", "26.917", "30.237", "33.965", "38.154", "42.859", "48.145", "54.083", "60.752", "68.244", "76.661", "86.115", "96.735", "108.66", "122.07", "137.12", "154.03", "173.02", "194.36", "218.33", "245.26", "275.5", "309.48", "347.65", "390.52", "438.68", "492.78", "553.55", "621.82", "698.5", "784.64", "881.41", "990.11", "1112.2", "1249.4", "1403.5", "1576.5", "1771", "1989.4", "2234.7", "2510.3", "2819.9", "3167.6", "3558.3", "3997.1", "4490", "5043.8", "5665.8", "6364.5", "7149.4", "8031.1", "9021.5", "10134", "11384", "12788", "14365", "16136", "18126", "20362", "22873", "25694", "28862", "32422", "36420", "40911", "45957", "51624", "57991", "65143", "73176", "82201", "92338", "1.0373e+05", "1.1652e+05", "1.3089e+05", "1.4703e+05", "1.6516e+05", "1.8553e+05", "2.0841e+05", "2.3411e+05", "2.6298e+05", "2.9541e+05", "3.3185e+05", "3.7277e+05", "4.1874e+05", "4.7038e+05", "5.2839e+05", "5.9356e+05", "6.6675e+05", "7.4898e+05", "8.4135e+05", "9.4511e+05"], "counts": ["0", "0", "0", "0", "0", "0", "0", "0", "0", "2.9714e-05", "6.2823e-05", "0.00010302", "7.599e-05", "4.8986e-05", "7.891e-05", "5.5458e-05", "4.1141e-05", "3.9554e-05", "5.4774e-05", "5.921e-05", "6.9245e-05", "0.00013709", "0.00018265", "0.00027269", "0.00025639", "0.00026926", "0.00027057", "0.00023537", "0.0001973", "0.00017745", "0.00012857", "8.9725e-05", "6.2978e-05", "4.5353e-05", "4.3214e-05", "4.2443e-05", "4.6787e-05", "4.4943e-05", "4.4341e-05", "4.4237e-05", "4.6449e-05", "4.072e-05", "3.881e-05", "3.8111e-05", "4.0205e-05", "3.8388e-05", "3.3872e-05", "3.4941e-05", "3.3693e-05", "3.0136e-05", "2.9858e-05", "2.9221e-05", "2.5162e-05", "2.5606e-05", "2.3529e-05", "2.1351e-05", "1.8756e-05", "1.8039e-05", "1.6644e-05", "1.4684e-05", "1.3022e-05", "1.0978e-05", "1.075e-05", "8.7346e-06", "8.2032e-06", "7.0765e-06", "6.3094e-06", "6.0713e-06", "5.2569e-06", "4.4511e-06", "4.1722e-06", "3.5137e-06", "3.1744e-06", "2.976e-06", "2.6047e-06", "2.355e-06", "2.1241e-06", "1.9455e-06", "1.693e-06", "1.6014e-06", "1.3754e-06", "1.263e-06", "1.145e-06", "9.9482e-07", "8.6139e-07", "7.9861e-07", "6.74e-07", "6.0812e-07", "5.2273e-07", "4.8362e-07", "4.0943e-07", "3.3981e-07", "3.0895e-07", "2.593e-07", "2.1929e-07", "1.8107e-07", "1.6074e-07", "1.3095e-07", "1.1645e-07"]}}
