{"mode": "bam", "runtime_info": {"qc3C_version": "qc3C 0.5rc6", "run_timestamp": "2020-08-23 04:59:51.201189"}, "input_args": {"bam_file": "DRR177169.bam", "fasta_file": "GCF_000230535.1_PelSin_1.0_genomic.fna.gz", "enzymes": ["DpnII"], "seed": 12345, "sample_rate": null, "min_mapq": 60, "max_obs": 200000}, "n_parsed_reads": 1186536, "n_analysed_reads": 1179433, "n_accepted_reads": 565890, "n_skipped_reads": 0, "n_unmapped": 7103, "n_low_mapq": 265248, "n_ref_len": 2201, "n_secondary": 0, "n_supplementary": 368602, "n_duplicate": 0, "n_weak_mapping": 73901, "n_ref_term": 72, "n_analysed_pairs": 200000, "n_accepted_pairs": 200000, "n_trans_pairs": 116370, "n_cis_pairs": 83630, "n_fully_aligned": 127370, "n_align_term": 272630, "n_no_site_end": 157649, "n_short_inserts": 6816, "classification": {"informative": {"fr": 19987, "rf": 19502, "ffrr": 39289}, "uninformative": {"religation": 346, "dangling_ends": 3608, "self_circle": 556, "ffrr": 688}}, "obs_insert_mean": 219.75360850848315, "obs_insert_median": 217.0, "mean_readlen": 149.3021, "unobs_fraction": 0.0, "digest_stats": {"cs_start": 29597, "cs_term": 242351, "cs_full": 1661, "read_thru": 232804, "is_split": 189962, "vestigial": ["GATC"]}, "separation_bins": {"bins": [1000, 5000, 10000], "counts": [76814, 66842, 59612], "vs_all_cis": [91.84981465981107, 79.92586392442902, 71.28064091833075], "vs_accepted": [38.407000000000004, 33.421, 29.805999999999997]}, "digestion": {"cutsites": {"GATC": {"name": "DpnII", "site": "GATC", "site_len": 4}}, "junctions": {"GATCGATC": {"enz5p": "DpnII", "enz3p": "DpnII", "junction": "GATCGATC", "vestigial": "GATC", "junc_len": 8, "vest_len": 4, "pattern": "GATCGATC", "cross": true}}}, "junction_frequency": {"DpnII/DpnII GATCGATC": 232804}, "remnant_frequency": {"DpnII GATC": 242351}, "separation_histogram": {"mid_points": [10.616620164890138, 11.92590458022024, 13.396655229964129, 15.048784781339489, 16.904661611992637, 18.98941265811241, 21.33126361099484, 23.96192106802016, 26.917001812029568, 30.236515031165933, 33.96540400801006, 38.15415461200591, 42.85947883362568, 48.145082614724814, 54.08252837083299, 60.75220388317268, 68.24441067834891, 76.66058663141169, 86.11467934525882, 96.7346889007258, 108.66440086483811, 122.06533302063097, 137.1189221755412, 154.02898065582917, 173.02445574580054, 194.36252943220097, 218.33210042159047, 245.25769557414475, 275.50386371124563, 309.4801112851452, 347.64644673531814, 390.51960859719844, 438.6800616864058, 492.7798560806233, 553.5514553028175, 621.8176532316174, 698.5027140050729, 784.644885742276, 881.4104575075971, 990.1095498364425, 1112.2138526123315, 1249.3765504505132, 1403.4547053602469, 1576.534399727262, 1770.958980030221, 1989.3607836862013, 2234.6967785787137, 2510.288597796047, 2819.8675116150134, 3167.6249456110904, 3558.269228865654, 3997.089340590983, 4490.026518246148, 5043.754696654552, 5665.770867197858, 6364.496580470115, 7149.391966648556, 8031.083817316365, 9021.509462852388, 10134.078393360785, 11383.853811345534, 12787.756574192957, 14364.794287663703, 16136.318652118109, 18126.31454571589, 20361.72475852188, 22872.81477413135, 25693.58253763662, 28862.21875783176, 32421.623975741655, 36419.98940012723, 40911.449373967946, 45956.814305742075, 51624.39398874845, 57990.922455487496, 65142.596888814296, 73176.24465580487, 82200.63426494556, 92337.94799585041, 103725.43613961406, 116517.27524675612, 130886.65554179688, 147028.12576621718, 165160.22719690777, 185528.45250239776, 208408.5694971659, 234110.35479473774, 262981.78790994175, 295413.7625947681, 331845.37919516815, 372769.88968263916, 418741.3758510767, 470382.25109579955, 528391.6873422167, 593555.0812173234, 666754.6876276445, 748981.5647128907, 841348.9918994781, 945107.5427225197], "counts": [0.0, 0.0, 0.0, 0.0, 0.0, 0.0, 0.0, 0.0, 0.0, 0.0, 0.0, 0.0, 0.0, 0.0, 7.081589144735057e-05, 5.377058443571833e-05, 4.126498742920038e-05, 3.967349145498796e-05, 4.709058744734041e-05, 6.055219636279782e-05, 6.9453847502934e-05, 0.00013657718944504418, 0.00018073159703895864, 0.0002588866268710563, 0.00029947400876800237, 0.0002729714087460268, 0.0002579652504892774, 0.00023974891803642967, 0.00020933944256751273, 0.000180169490678448, 0.00011923913588346792, 7.441931305715998e-05, 6.753309426240357e-05, 5.028964046166686e-05, 4.619305192632842e-05, 4.510711967058736e-05, 4.644438175429226e-05, 4.1632610725115564e-05, 4.2940774642379856e-05, 4.1980916251634895e-05, 4.020786407685677e-05, 4.255567117641787e-05, 4.029156276938099e-05, 3.979793515011253e-05, 3.835461312538038e-05, 3.5899177773124546e-05, 3.538566041847552e-05, 3.522530803372569e-05, 3.5033190098266496e-05, 3.0404730377210283e-05, 2.9409368918693584e-05, 2.8209735768250048e-05, 2.551413465239662e-05, 2.5996077324897326e-05, 2.26251804331682e-05, 2.0389060655769403e-05, 1.8733612938777596e-05, 1.778500089227016e-05, 1.6369381823829927e-05, 1.453892448191461e-05, 1.285371414375416e-05, 1.1460187740903546e-05, 1.0311815597090558e-05, 8.921444714868304e-06, 8.283796732365407e-06, 6.870934833730468e-06, 6.23973000596022e-06, 5.773908638358149e-06, 5.140020571847853e-06, 4.631313512117006e-06, 4.07337840037674e-06, 3.678496852991928e-06, 3.1766098756160608e-06, 2.878051925930815e-06, 2.7951786671918247e-06, 2.3655374395789005e-06, 2.136624206206619e-06, 1.9472768714086557e-06, 1.7505740173673486e-06, 1.5573014141987213e-06, 1.3669980202702435e-06, 1.2771659356268904e-06, 1.1040083444738295e-06, 1.02440869800635e-06, 8.755148858157082e-07, 7.902064972882427e-07, 6.51488625209731e-07, 6.10805090898563e-07, 5.570937524092629e-07, 4.979699493111578e-07, 4.206367433383233e-07, 3.5939280532670416e-07, 2.9910268280755667e-07, 2.7074256591042033e-07, 2.2507769457041475e-07, 1.7435018633650203e-07, 1.601722498242822e-07, 1.3174305071758962e-07, 1.2168955673326184e-07]}}
