{"mode": "bam", "runtime_info": {"qc3C_version": "qc3C 0.5rc6", "run_timestamp": "2020-08-23 04:57:11.388545"}, "input_args": {"bam_file": "DRR177157.bam", "fasta_file": "GCF_000230535.1_PelSin_1.0_genomic.fna.gz", "enzymes": ["HindIII"], "seed": 12345, "sample_rate": null, "min_mapq": 60, "max_obs": 200000}, "n_parsed_reads": 910423, "n_analysed_reads": 905367, "n_accepted_reads": 522210, "n_skipped_reads": 0, "n_unmapped": 5056, "n_low_mapq": 149389, "n_ref_len": 1183, "n_secondary": 0, "n_supplementary": 220797, "n_duplicate": 0, "n_weak_mapping": 58151, "n_ref_term": 47, "n_analysed_pairs": 200000, "n_accepted_pairs": 200000, "n_trans_pairs": 112243, "n_cis_pairs": 87757, "n_fully_aligned": 191679, "n_align_term": 208321, "n_no_site_end": 230119, "n_short_inserts": 16890, "classification": {"informative": {"fr": 18755, "rf": 16507, "ffrr": 35079}, "uninformative": {"religation": 1678, "dangling_ends": 14184, "self_circle": 1724, "ffrr": 1508}}, "obs_insert_mean": 217.21635635163798, "obs_insert_median": 214.0, "mean_readlen": 126.655535, "unobs_fraction": 0.0, "digest_stats": {"cs_start": 64, "cs_term": 169881, "cs_full": 1799, "read_thru": 143431, "is_split": 106730, "vestigial": ["AAGCT"]}, "separation_bins": {"bins": [1000, 5000, 10000], "counts": [70867, 62743, 56687], "vs_all_cis": [80.75367207174357, 71.49629089417368, 64.59541688982075], "vs_accepted": [35.4335, 31.3715, 28.3435]}, "digestion": {"cutsites": {"AAGCTT": {"name": "HindIII", "site": "AAGCTT", "site_len": 6}}, "junctions": {"AAGCTAGCTT": {"enz5p": "HindIII", "enz3p": "HindIII", "junction": "AAGCTAGCTT", "vestigial": "AAGCT", "junc_len": 10, "vest_len": 5, "pattern": "AAGCTAGCTT", "cross": true}}}, "junction_frequency": {"HindIII/HindIII AAGCTAGCTT": 143431}, "remnant_frequency": {"HindIII AAGCT": 169881}, "separation_histogram": {"mid_points": [10.616620164890138, 11.92590458022024, 13.396655229964129, 15.048784781339489, 16.904661611992637, 18.98941265811241, 21.33126361099484, 23.96192106802016, 26.917001812029568, 30.236515031165933, 33.96540400801006, 38.15415461200591, 42.85947883362568, 48.145082614724814, 54.08252837083299, 60.75220388317268, 68.24441067834891, 76.66058663141169, 86.11467934525882, 96.7346889007258, 108.66440086483811, 122.06533302063097, 137.1189221755412, 154.02898065582917, 173.02445574580054, 194.36252943220097, 218.33210042159047, 245.25769557414475, 275.50386371124563, 309.4801112851452, 347.64644673531814, 390.51960859719844, 438.6800616864058, 492.7798560806233, 553.5514553028175, 621.8176532316174, 698.5027140050729, 784.644885742276, 881.4104575075971, 990.1095498364425, 1112.2138526123315, 1249.3765504505132, 1403.4547053602469, 1576.534399727262, 1770.958980030221, 1989.3607836862013, 2234.6967785787137, 2510.288597796047, 2819.8675116150134, 3167.6249456110904, 3558.269228865654, 3997.089340590983, 4490.026518246148, 5043.754696654552, 5665.770867197858, 6364.496580470115, 7149.391966648556, 8031.083817316365, 9021.509462852388, 10134.078393360785, 11383.853811345534, 12787.756574192957, 14364.794287663703, 16136.318652118109, 18126.31454571589, 20361.72475852188, 22872.81477413135, 25693.58253763662, 28862.21875783176, 32421.623975741655, 36419.98940012723, 40911.449373967946, 45956.814305742075, 51624.39398874845, 57990.922455487496, 65142.596888814296, 73176.24465580487, 82200.63426494556, 92337.94799585041, 103725.43613961406, 116517.27524675612, 130886.65554179688, 147028.12576621718, 165160.22719690777, 185528.45250239776, 208408.5694971659, 234110.35479473774, 262981.78790994175, 295413.7625947681, 331845.37919516815, 372769.88968263916, 418741.3758510767, 470382.25109579955, 528391.6873422167, 593555.0812173234, 666754.6876276445, 748981.5647128907, 841348.9918994781, 945107.5427225197], "counts": [0.0, 0.0, 0.0, 0.0, 0.0, 0.0, 0.0, 0.0, 0.0, 0.0, 0.0, 0.0, 0.0, 0.0, 3.970453384491353e-06, 8.83639374732628e-06, 6.293032811841628e-06, 2.5209687340359103e-05, 4.613086816002236e-05, 0.0001032209381320994, 0.00021835949261543786, 0.00043890982024351327, 0.0006389396809512788, 0.0007737267823115492, 0.0009264445024004419, 0.0008838417916833168, 0.0008527045746519165, 0.0007468329594498259, 0.0006745846685508674, 0.0005460583799590216, 0.00038357552983323684, 0.00024358916637334918, 0.0001255557370603854, 7.124623169760656e-05, 4.267089740804487e-05, 3.7813611688564064e-05, 2.9358398557174808e-05, 3.0377142514048323e-05, 3.0087482243800697e-05, 3.0471242477708536e-05, 3.272491226720103e-05, 3.162434657760159e-05, 3.014150362485022e-05, 3.139529488489931e-05, 2.8676076574980766e-05, 2.8442263488562047e-05, 2.8106343895078777e-05, 2.7757997734250056e-05, 2.5852834318219833e-05, 2.4709324136008256e-05, 2.3263907678747204e-05, 2.1891768447532367e-05, 1.9751415902755894e-05, 1.9541406425059106e-05, 1.7794003756193564e-05, 1.688640155996101e-05, 1.539294969305587e-05, 1.3957043523327095e-05, 1.297222227492309e-05, 1.1590446191931804e-05, 1.054434449054295e-05, 9.680594736088759e-06, 8.550543210621937e-06, 7.685013156334195e-06, 6.693234240070775e-06, 5.963691027291921e-06, 5.524893902222308e-06, 4.993560711303077e-06, 4.240745695253501e-06, 3.97718081187044e-06, 3.570026342583321e-06, 3.3093089482794295e-06, 2.8291848231702655e-06, 2.493625952030466e-06, 2.2661491663925244e-06, 2.2167887530631377e-06, 1.9778204668184764e-06, 1.7162766314874027e-06, 1.516227834081836e-06, 1.300084146422034e-06, 1.3103169798716827e-06, 1.1451361907921188e-06, 1.0040824347469662e-06, 9.127014254114743e-07, 7.835653716603052e-07, 7.119665060125483e-07, 6.576512059283711e-07, 5.389088928254413e-07, 4.924653328256531e-07, 4.267525388491536e-07, 3.76445279015142e-07, 3.587062398218582e-07, 2.839465176413523e-07, 2.468808442593772e-07, 2.1869173309245226e-07, 1.768085876653412e-07, 1.4894005572220562e-07, 1.2812227061468087e-07, 1.1019391109579951e-07]}}
