{"mode": "bam", "runtime_info": {"qc3C_version": "qc3C 0.5rc6", "run_timestamp": "2020-08-23 04:59:19.659094"}, "input_args": {"bam_file": "DRR177166.bam", "fasta_file": "Homo_sapiens.GRCh37.dna.primary_assembly.fa.gz", "enzymes": ["HindIII"], "seed": 12345, "sample_rate": null, "min_mapq": 60, "max_obs": 200000}, "n_parsed_reads": 746349, "n_analysed_reads": 729945, "n_accepted_reads": 477331, "n_skipped_reads": 0, "n_unmapped": 16404, "n_low_mapq": 84959, "n_ref_len": 0, "n_secondary": 0, "n_supplementary": 147345, "n_duplicate": 0, "n_weak_mapping": 41158, "n_ref_term": 1, "n_analysed_pairs": 200000, "n_accepted_pairs": 200000, "n_trans_pairs": 25641, "n_cis_pairs": 174359, "n_fully_aligned": 234744, "n_align_term": 165256, "n_no_site_end": 243464, "n_short_inserts": 38281, "classification": {"informative": {"fr": 38594, "rf": 31712, "ffrr": 68809}, "uninformative": {"religation": 5326, "dangling_ends": 30536, "self_circle": 2616, "ffrr": 2092}}, "obs_insert_mean": 247.61212204602523, "obs_insert_median": 244.0, "mean_readlen": 126.910645, "unobs_fraction": 0.040983606557377095, "digest_stats": {"cs_start": 83, "cs_term": 156536, "cs_full": 1793, "read_thru": 146989, "is_split": 108107, "vestigial": ["AAGCT"]}, "separation_bins": {"bins": [1000, 5000, 10000], "counts": [136078, 120505, 110473], "vs_all_cis": [78.04472381695237, 69.11315160100712, 63.35950538830804], "vs_accepted": [68.039, 60.2525, 55.2365]}, "digestion": {"cutsites": {"AAGCTT": {"name": "HindIII", "site": "AAGCTT", "site_len": 6}}, "junctions": {"AAGCTAGCTT": {"enz5p": "HindIII", "enz3p": "HindIII", "junction": "AAGCTAGCTT", "vestigial": "AAGCT", "junc_len": 10, "vest_len": 5, "pattern": "AAGCTAGCTT", "cross": true}}}, "junction_frequency": {"HindIII/HindIII AAGCTAGCTT": 146989}, "remnant_frequency": {"HindIII AAGCT": 156536}, "separation_histogram": {"mid_points": [10.616620164890138, 11.92590458022024, 13.396655229964129, 15.048784781339489, 16.904661611992637, 18.98941265811241, 21.33126361099484, 23.96192106802016, 26.917001812029568, 30.236515031165933, 33.96540400801006, 38.15415461200591, 42.85947883362568, 48.145082614724814, 54.08252837083299, 60.75220388317268, 68.24441067834891, 76.66058663141169, 86.11467934525882, 96.7346889007258, 108.66440086483811, 122.06533302063097, 137.1189221755412, 154.02898065582917, 173.02445574580054, 194.36252943220097, 218.33210042159047, 245.25769557414475, 275.50386371124563, 309.4801112851452, 347.64644673531814, 390.51960859719844, 438.6800616864058, 492.7798560806233, 553.5514553028175, 621.8176532316174, 698.5027140050729, 784.644885742276, 881.4104575075971, 990.1095498364425, 1112.2138526123315, 1249.3765504505132, 1403.4547053602469, 1576.534399727262, 1770.958980030221, 1989.3607836862013, 2234.6967785787137, 2510.288597796047, 2819.8675116150134, 3167.6249456110904, 3558.269228865654, 3997.089340590983, 4490.026518246148, 5043.754696654552, 5665.770867197858, 6364.496580470115, 7149.391966648556, 8031.083817316365, 9021.509462852388, 10134.078393360785, 11383.853811345534, 12787.756574192957, 14364.794287663703, 16136.318652118109, 18126.31454571589, 20361.72475852188, 22872.81477413135, 25693.58253763662, 28862.21875783176, 32421.623975741655, 36419.98940012723, 40911.449373967946, 45956.814305742075, 51624.39398874845, 57990.922455487496, 65142.596888814296, 73176.24465580487, 82200.63426494556, 92337.94799585041, 103725.43613961406, 116517.27524675612, 130886.65554179688, 147028.12576621718, 165160.22719690777, 185528.45250239776, 208408.5694971659, 234110.35479473774, 262981.78790994175, 295413.7625947681, 331845.37919516815, 372769.88968263916, 418741.3758510767, 470382.25109579955, 528391.6873422167, 593555.0812173234, 666754.6876276445, 748981.5647128907, 841348.9918994781, 945107.5427225197], "counts": [0.0, 0.0, 0.0, 0.0, 0.0, 0.0, 0.0, 0.0, 0.0, 0.0, 0.0, 0.0, 0.0, 0.0, 1.183185251283704e-06, 2.1065787191376643e-06, 2.8129622316807416e-06, 7.512424240288008e-06, 1.114612231161234e-05, 2.315237452736305e-05, 7.007601643164986e-05, 0.00021335941067921743, 0.00041207194443570273, 0.0006730112244451238, 0.0009830083773739707, 0.0010518844969411654, 0.001135114413609141, 0.0010757229289160774, 0.0009411340297921635, 0.0008357440609175677, 0.0006703658478290196, 0.00051221921063076, 0.00031799356526582626, 0.0001658241138312932, 7.860689648469564e-05, 5.227696896457628e-05, 4.351462507276367e-05, 3.9552899375727386e-05, 3.796935539323799e-05, 3.748473788584504e-05, 3.670642705392593e-05, 3.508382655312207e-05, 3.647550557982646e-05, 3.5515205814808394e-05, 3.0423790635818988e-05, 3.287358570403413e-05, 3.3216136801786453e-05, 3.1098963271216264e-05, 3.077093690919721e-05, 2.775637283466606e-05, 2.681319537529307e-05, 2.4701982221076852e-05, 2.2617143576137152e-05, 2.135206553317068e-05, 1.875946115881673e-05, 1.705185082480705e-05, 1.5510978252352525e-05, 1.3441590434298306e-05, 1.198718560468659e-05, 1.014708624018688e-05, 9.190479722758613e-06, 8.476738381467986e-06, 7.363481105290077e-06, 6.479736191648399e-06, 5.807191189016584e-06, 5.100511034926336e-06, 4.43424196477576e-06, 4.034596293427172e-06, 3.6382170199943737e-06, 3.2170852838358197e-06, 2.751450327856398e-06, 2.4493825887104228e-06, 2.2960454137858793e-06, 2.0712437813887784e-06, 1.8173698392185963e-06, 1.6365137691626255e-06, 1.5906415224350852e-06, 1.3661918379913628e-06, 1.2196695541159879e-06, 1.1486934409376653e-06, 1.0522402707069469e-06, 9.640982048237483e-07, 8.269188919831005e-07, 7.954139656769068e-07, 6.773929860825e-07, 6.229830184140525e-07, 5.483022647719855e-07, 5.078161512454971e-07, 4.440510191022258e-07, 4.0320693423028567e-07, 3.416032433580111e-07, 2.9707090490550765e-07, 2.606479495390451e-07, 2.328804554365188e-07, 2.018155154286702e-07, 1.6756676905973193e-07, 1.4430063943851338e-07, 1.2450369338812475e-07, 1.0589251270534917e-07]}}
